Date,open,high,low,close,volume,Dividends,Stock Splits,Capital Gains,volatility,cluster,assigned_centroid,high_centroid,mid_centroid,low_centroid,supertrend,direction,trend_signal,signal_change
2023-01-03 00:00:00-05:00,264.5383829796149,266.01542591088077,258.11818052323144,260.4322204589844,42335300,0.0,0.0,0.0,,,,,,,,,0,
2023-01-04 00:00:00-05:00,262.5591317640736,263.3567324392603,258.51201903209693,261.6728820800781,47754900,0.0,0.0,0.0,,,,,,,,,0,0.0
2023-01-05 00:00:00-05:00,259.99894053918734,260.1663219023147,257.26148896394835,257.5765686035156,45396700,0.0,0.0,0.0,,,,,,,,,0,0.0
2023-01-06 00:00:00-05:00,259.3194947032714,265.80863265972346,256.3555524462624,264.6860656738281,54659700,0.0,0.0,0.0,,,,,,,,,0,0.0
2023-01-09 00:00:00-05:00,266.6849539979456,271.0767156697658,265.78890792394884,266.3994140625,45568700,0.0,0.0,0.0,,,,,,,,,0,0.0
2023-01-10 00:00:00-05:00,265.36550994051134,268.7627205301277,264.8534792351909,268.6543884277344,35247800,0.0,0.0,0.0,,,,,,,,,0,0.0
2023-01-11 00:00:00-05:00,269.72770590849524,273.41045611507803,268.9399317663714,273.3021240234375,44077000,0.0,0.0,0.0,,,,,,,,,0,0.0
2023-01-12 00:00:00-05:00,273.863445925794,275.81315339453704,269.55047579981147,274.7792053222656,60600000,0.0,0.0,0.0,,,,,,,,,0,0.0
2023-01-13 00:00:00-05:00,272.26821124546194,276.91597359424037,271.9334184977314,276.6697998046875,44802900,0.0,0.0,0.0,,,,,,,,,0,0.0
2023-01-17 00:00:00-05:00,276.47281417466587,278.52099667586793,275.3010246789079,277.2310485839844,36269700,0.0,0.0,0.0,5.612759579081631,,,,,,,,0,0.0
2023-01-18 00:00:00-05:00,278.7770423526374,280.3328775896966,273.4203281359948,273.6271057128906,47754500,0.0,0.0,0.0,5.742738566543647,,,,,,,,0,0.0
2023-01-19 00:00:00-05:00,271.9924737115214,273.1347235999336,269.6981474183331,270.9388427734375,44150400,0.0,0.0,0.0,5.561360539345033,,,,,,,,0,0.0
2023-01-20 00:00:00-05:00,272.55379847332415,278.6884304641926,271.4903108069865,278.3536376953125,60613600,0.0,0.0,0.0,5.78018325448604,,,,,,,,0,0.0
2023-01-23 00:00:00-05:00,279.2004451991044,285.7683444086123,278.4028446060518,284.5374755859375,52799900,0.0,0.0,0.0,5.943635600367414,,,,,,,,0,0.0
2023-01-24 00:00:00-05:00,282.912798892096,285.1185067062446,282.39091159497997,283.9565734863281,44875100,0.0,0.0,0.0,5.622031551457137,,,,,,,,0,0.0
2023-01-25 00:00:00-05:00,279.4268802358819,283.9466265326938,276.87652387496223,283.3262939453125,50872000,0.0,0.0,0.0,5.767833357448013,,,,,,,,0,0.0
2023-01-26 00:00:00-05:00,286.7629756078907,289.02776284986896,284.1042861929452,288.85052490234375,51596300,0.0,0.0,0.0,5.761196912158858,,,,,,,,0,0.0
2023-01-27 00:00:00-05:00,287.5309885362853,293.6951898929872,287.41282992442075,291.7257995605469,56441900,0.0,0.0,0.0,5.813313217799615,,,,,,,,0,0.0
2023-01-30 00:00:00-05:00,288.44671555080447,289.8745354022516,285.45326421683865,285.8274230957031,49405800,0.0,0.0,0.0,5.859235430390476,,,,,,,,0,0.0
2023-01-31 00:00:00-05:00,285.86686688517756,290.2093764109989,285.75856483523495,290.11090087890625,46705100,0.0,0.0,0.0,5.718393044927825,,,,,,,,0,0.0
2023-02-01 00:00:00-05:00,289.90407861528723,298.7860173116696,287.82635639526075,296.314453125,67562200,0.0,0.0,0.0,6.242519832075926,,,,,,,,0,0.0
2023-02-02 00:00:00-05:00,302.8627392833159,308.87921311525395,302.0355988410642,306.94921875,83070600,0.0,0.0,0.0,6.874743847893728,,,,,,,,0,0.0
2023-02-03 00:00:00-05:00,300.27294513469144,307.60893611253806,299.8790730799539,301.49395751953125,76170800,0.0,0.0,0.0,6.960255766362771,,,,,,,,0,0.0
2023-02-06 00:00:00-05:00,298.8648411241286,301.2281035256737,297.5945759387248,298.943603515625,40802300,0.0,0.0,0.0,6.654168347807138,,,,,,,,0,0.0
2023-02-07 00:00:00-05:00,298.8156030837387,306.26975311217694,297.6930661590678,305.1373596191406,67584000,0.0,0.0,0.0,6.846420208337337,,,,,,,,0,0.0
2023-02-08 00:00:00-05:00,303.81780021160375,304.76309898656416,299.0223404249689,299.71160888671875,56720900,0.0,0.0,0.0,6.773280106920778,,,,,,,,0,0.0
2023-02-09 00:00:00-05:00,304.11331929577835,304.2610175935211,295.6055667900964,297.0628967285156,49137800,0.0,0.0,0.0,6.961497176571169,,,,,,,,0,0.0
2023-02-10 00:00:00-05:00,294.8965250368092,296.95453436889693,292.70064395447514,295.1131591796875,50050100,0.0,0.0,0.0,6.7015727363181,,,,,,,,0,0.0
2023-02-13 00:00:00-05:00,296.521303295453,300.4305448753664,295.3396569040951,299.8397216796875,39636700,0.0,0.0,0.0,6.563154032254182,,,,,,,,0,0.0
2023-02-14 00:00:00-05:00,298.2543581008255,303.0104229265965,296.304650691536,302.0552673339844,64079100,0.0,0.0,0.0,6.577415852534817,,,,,,,,0,0.0
2023-02-15 00:00:00-05:00,300.23356134069036,304.53667456908903,299.5442927289988,304.3692932128906,43100600,0.0,0.0,0.0,6.418912451290357,,,,,,,,0,0.0
2023-02-16 00:00:00-05:00,299.72153821129837,303.7095418632233,298.51035226305913,298.6580505371094,59498600,0.0,0.0,0.0,6.36291530114447,,,,,,,,0,0.0
2023-02-17 00:00:00-05:00,296.46225382203977,297.309077449023,293.53770725704214,296.5508728027344,58230700,0.0,0.0,0.0,6.238658099036747,,,,,,,,0,0.0
2023-02-21 00:00:00-05:00,292.7105450132037,294.15804835824275,289.39212654103335,289.52996826171875,46526700,0.0,0.0,0.0,6.330666915303175,,,,,,,,0,0.0
2023-02-22 00:00:00-05:00,290.1109144716012,291.82427461834004,288.08244462760706,289.74658203125,51389200,0.0,0.0,0.0,6.071783222846156,,,,,,,,0,0.0
2023-02-23 00:00:00-05:00,293.4096150922579,293.5671699223433,288.0725541562192,292.2772216796875,69294400,0.0,0.0,0.0,6.014066477173947,,,,,,,,0,0.0
2023-02-24 00:00:00-05:00,287.29465131094315,288.4861239649753,285.6108010575689,287.3832702636719,74332000,0.0,0.0,0.0,6.079301891668414,,,,,,,,0,0.0
2023-02-27 00:00:00-05:00,290.55399446646027,291.95224469989273,288.85046110125387,289.4412841796875,48995000,0.0,0.0,0.0,5.928269146123658,,,,,,,,0,0.0
2023-02-28 00:00:00-05:00,288.8111082876229,291.58795613823287,288.4763155046473,289.067138671875,48243100,0.0,0.0,0.0,5.6466062948698506,,,,,,,,0,0.0
2023-03-01 00:00:00-05:00,288.77172533277906,289.43145429160955,285.75856041058114,286.7432556152344,58287000,0.0,0.0,0.0,5.449235053485707,,,,,,,,0,0.0
2023-03-02 00:00:00-05:00,284.2421099707557,289.92379025533694,283.95653995872647,289.1163330078125,53565900,0.0,0.0,0.0,5.501036577798184,,,,,,,,0,0.0
2023-03-03 00:00:00-05:00,290.8691241313166,295.32979210216257,290.35706340453174,295.09344482421875,60511500,0.0,0.0,0.0,5.5722788294533725,,,,,,,,0,0.0
2023-03-06 00:00:00-05:00,296.3341553998282,299.3473200994196,295.2313016601752,295.42822265625,56736300,0.0,0.0,0.0,5.440438474028122,,,,,,,,0,0.0
2023-03-07 00:00:00-05:00,295.47745835995033,296.4030741344678,291.1940287737061,291.8045349121094,65955800,0.0,0.0,0.0,5.417299162701474,,,,,,,,0,0.0
2023-03-08 00:00:00-05:00,292.2279843802821,293.8625820222282,290.366926074126,293.2619323730469,50876300,0.0,0.0,0.0,5.2251348412415455,,,,,,,,0,0.0
2023-03-09 00:00:00-05:00,293.7641133015283,296.3735796886288,287.36359433794973,288.180908203125,71456700,0.0,0.0,0.0,5.603619892185299,,,,,,,,0,0.0
2023-03-10 00:00:00-05:00,288.3482833331323,289.84503927537463,282.98171250223487,284.1337890625,98593600,0.0,0.0,0.0,5.729590580280746,,,,,,,,0,0.0
2023-03-13 00:00:00-04:00,282.3416736592623,289.96320511096644,280.82523459337204,286.2410583496094,97123600,0.0,0.0,0.0,6.070428574012111,,,,,,,,0,0.0
2023-03-14 00:00:00-04:00,289.80565212448965,293.3702440660703,288.95882864688264,292.8188171386719,73602500,0.0,0.0,0.0,6.176304288256994,,,,,,,,0,0.0
2023-03-15 00:00:00-04:00,290.1995647950694,294.6897732893145,288.75206139557474,294.35498046875,83631500,0.0,0.0,0.0,6.1524450488052675,,,,,,,,0,0.0
2023-03-16 00:00:00-04:00,293.43915691472165,302.47865124782425,292.6415562412427,302.11431884765625,98198100,0.0,0.0,0.0,6.5209100445828945,,,,,,,,0,0.0
2023-03-17 00:00:00-04:00,302.0257245873851,304.4185268034909,298.72698953013526,300.6865234375,89923700,0.0,0.0,0.0,6.437972767460171,,,,,,,,0,0.0
2023-03-20 00:00:00-04:00,300.06720439467904,302.07907083799887,297.8482101521951,301.7536315917969,56359500,0.472,0.0,0.0,6.217261559294529,,,,,,,,0,0.0
2023-03-21 00:00:00-04:00,303.6964640049686,306.51703759556864,302.1776774039352,306.0633850097656,49757000,0.0,0.0,0.0,6.0718760037422514,,,,,,,,0,0.0
2023-03-22 00:00:00-04:00,305.9943248335104,310.9057089614732,301.73387930848037,301.9015197753906,75791900,0.0,0.0,0.0,6.3818713686673085,,,,,,,,0,0.0
2023-03-23 00:00:00-04:00,305.6491769142539,309.8208663586927,302.77927440520347,305.48150634765625,74576000,0.0,0.0,0.0,6.535618890130784,,,,,,,,0,0.0
2023-03-24 00:00:00-04:00,305.0574325563806,306.7044023188355,302.7200970834037,306.6058044433594,57195200,0.0,0.0,0.0,6.280487524660886,,,,,,,,0,0.0
2023-03-27 00:00:00-04:00,307.30604817549226,308.3908958071319,303.6471817104956,304.50518798828125,50287400,0.0,0.0,0.0,6.12681018185843,,,,,,,,0,0.0
2023-03-28 00:00:00-04:00,303.9233049777093,303.9528903615946,300.5701342865282,302.88775634765625,48585900,0.0,0.0,0.0,5.907634533847895,,,,,,,,0,0.0
2023-03-29 00:00:00-04:00,306.59594310857653,309.03190663741873,305.7773640154862,308.41058349609375,53274300,0.0,0.0,0.0,5.931286109439354,,,,,,,,0,0.0
2023-03-30 00:00:00-04:00,310.8958644247727,311.960998472299,308.4993579633901,311.3298034667969,58354800,0.0,0.0,0.0,5.693198996115946,,,,,,,,0,0.0
2023-03-31 00:00:00-04:00,311.55660473425087,316.74412891661245,311.2508790981147,316.5074157714844,62138100,0.0,0.0,0.0,5.673204078354128,,,,,,,,0,0.0
2023-04-03 00:00:00-04:00,314.3772018734973,316.00448824358807,313.04582953001625,315.7381896972656,47126800,0.0,0.0,0.0,5.452042294665527,,,,,,,,0,0.0
2023-04-04 00:00:00-04:00,316.1819491628069,317.1977539521813,313.4501021324395,314.67303466796875,45875400,0.0,0.0,0.0,5.281603247173155,,,,,,,,0,0.0
2023-04-05 00:00:00-04:00,313.71647995644787,314.6632424031527,309.7420159293759,311.5665283203125,62795700,0.0,0.0,0.0,5.246544796315126,,,,,,,,0,0.0
2023-04-06 00:00:00-04:00,309.90962019901275,314.16022403032724,308.50920529940885,313.6671142578125,46916500,0.0,0.0,0.0,5.286992189775453,,,,,,,,0,0.0
2023-04-10 00:00:00-04:00,310.72825139060745,313.5389835847597,308.9333242943236,313.4896545410156,45134700,0.0,0.0,0.0,5.231671967146798,,,,,,,,0,0.0
2023-04-11 00:00:00-04:00,313.450192073371,313.50939294427934,310.9649292796458,311.4777526855469,40113600,0.0,0.0,0.0,4.962951136895473,,,,,,,,0,0.0
2023-04-12 00:00:00-04:00,313.44026287136364,314.03200054198334,308.2626109232408,308.72613525390625,62813300,0.0,0.0,0.0,5.043594985080179,,,,,,,,0,0.0
2023-04-13 00:00:00-04:00,310.4915088908906,315.24509466985614,309.3080634082786,314.771728515625,54613800,0.0,0.0,0.0,5.19113142816715,,,,,,,,0,0.0
2023-04-14 00:00:00-04:00,313.2134561861395,315.9452734428983,311.26073068639005,314.1799621582031,56278300,0.0,0.0,0.0,5.140472561001263,,,,,,,,0,0.0
2023-04-17 00:00:00-04:00,313.7657036995013,314.80125215283016,311.6847951616119,314.4461975097656,43007000,0.0,0.0,0.0,4.938071004022965,,,,,,,,0,0.0
2023-04-18 00:00:00-04:00,316.56659478049454,316.9906920487583,313.2627834589524,314.4659423828125,46746900,0.0,0.0,0.0,4.817054762601259,,,,,,,,0,0.0
2023-04-19 00:00:00-04:00,312.0497610576472,315.38318826869596,311.9215476884476,314.31805419921875,38960100,0.0,0.0,0.0,4.681513344365968,,,,,,,,0,0.0
2023-04-20 00:00:00-04:00,311.33967334416934,314.87032633085227,310.62959401594384,311.9215393066406,62462100,0.0,0.0,0.0,4.6374352414202145,,,,,,,,0,0.0
2023-04-21 00:00:00-04:00,311.5566430854937,313.02610068503384,309.7715879849545,312.2469787597656,59002300,0.0,0.0,0.0,4.499142987286125,,,,,,,,0,0.0
2023-04-24 00:00:00-04:00,312.0201365061862,313.36138060660943,309.4165025272029,311.5960693359375,44043100,0.0,0.0,0.0,4.443716496498165,,,,,,,,0,0.0
2023-04-25 00:00:00-04:00,309.9589939143134,310.6296160783143,305.6196333100819,305.7182312011719,57121600,0.0,0.0,0.0,4.596988449433908,,,,,,,,0,0.0
2023-04-26 00:00:00-04:00,309.1207294516199,310.60005911779456,307.0496618995675,307.5723571777344,55400500,0.0,0.0,0.0,4.625472396152786,,,,,,,,0,0.0
2023-04-27 00:00:00-04:00,311.3495401952441,316.4384068529877,310.70847337671853,315.9354553222656,65430400,0.0,0.0,0.0,5.0495301240628425,,,,,,,,0,0.0
2023-04-28 00:00:00-04:00,315.6987099014309,318.20371586021025,314.56456349510773,318.1149597167969,59712600,0.0,0.0,0.0,4.90849234816681,,,,,,,,0,0.0
2023-05-01 00:00:00-04:00,317.6514635745006,319.170250167607,316.6652439862298,317.7500915527344,41013400,0.0,0.0,0.0,4.668143731487845,,,,,,,,0,0.0
2023-05-02 00:00:00-04:00,317.681052874908,318.0065221973887,313.233192845919,314.97882080078125,56519400,0.0,0.0,0.0,4.678662293486028,,,,,,,,0,0.0
2023-05-03 00:00:00-04:00,315.34372490552283,318.0262434878031,312.80913324749747,312.9176330566406,59882100,0.0,0.0,0.0,4.732507088167986,,,,,,,,0,0.0
2023-05-04 00:00:00-04:00,312.6908302750878,313.84472062066396,310.77756155998634,311.8131103515625,50224500,0.0,0.0,0.0,4.56597228541895,,,,,,,,0,0.0
2023-05-05 00:00:00-04:00,314.0813563425048,319.2984664391668,311.8524904216519,318.4404602050781,51806100,0.0,0.0,0.0,4.857910665637487,,,,,,,,0,0.0
2023-05-08 00:00:00-04:00,317.97697346792813,319.57464458926984,316.89212576299326,319.2294616699219,36465800,0.0,0.0,0.0,4.640371481701396,,,,,,,,0,0.0
2023-05-09 00:00:00-04:00,317.56269671236777,318.4305747362994,316.8920746382505,317.2076721191406,31768800,0.0,0.0,0.0,4.410073036698393,,,,,,,,0,0.0
2023-05-10 00:00:00-04:00,319.6534606724128,321.51742998068136,317.16819835841875,320.659423828125,60446600,0.0,0.0,0.0,4.403988895254814,,,,,,,,0,0.0
2023-05-11 00:00:00-04:00,321.21175467291704,322.2472732750786,319.6535107588232,321.7048645019531,44278500,0.0,0.0,0.0,4.222966257354876,,,,,,,,0,0.0
2023-05-12 00:00:00-04:00,322.2373608133659,322.6614580866053,318.4897386240805,320.5509338378906,48432800,0.0,0.0,0.0,4.217841577871871,,,,,,,,0,0.0
2023-05-15 00:00:00-04:00,321.02435275791885,322.5233957202674,319.49569431431365,322.2867126464844,33375600,0.0,0.0,0.0,4.098827560680058,,,,,,,,0,0.0
2023-05-16 00:00:00-04:00,321.56679415232134,324.3676544989381,321.5273369370065,322.6516418457031,40019200,0.0,0.0,0.0,3.9729765608052134,,,,,,,,0,0.0
2023-05-17 00:00:00-04:00,323.7167502706636,327.13893389246783,322.53330466850923,326.55706787109375,47486100,0.0,0.0,0.0,4.036241827120552,,,,,,,,0,0.0
2023-05-18 00:00:00-04:00,326.9514910630182,332.8392229206481,326.93177750714983,332.62225341796875,64213500,0.0,0.0,0.0,4.260833149363934,,,,,,,,0,0.0
2023-05-19 00:00:00-04:00,332.83927878367746,333.5493581755307,330.8076685980766,331.872802734375,61554900,0.0,0.0,0.0,4.108918792172952,,,,,,,,0,0.0
2023-05-22 00:00:00-04:00,331.61632299895837,334.00298754769705,331.6064511724286,332.9871826171875,43015900,0.0,0.0,0.0,3.937680550482502,,,,,,,,0,0.0
2023-05-23 00:00:00-04:00,331.26133897141074,332.41519912946774,328.4111496822459,328.76617431640625,48216700,0.0,0.0,0.0,4.0015157889284145,,,,,,,,0,0.0
2023-05-24 00:00:00-04:00,326.8036326240449,328.32241946102016,325.01857729041427,327.07977294921875,62891200,0.0,0.0,0.0,3.976123912634771,,,,,,,,0,0.0
2023-05-25 00:00:00-04:00,334.4665495417468,336.31077548823083,332.0305857805585,335.0385437011719,66862800,0.0,0.0,0.0,4.501611775272502,2.0,4.462207082668422,6.415832804178957,5.553679329921131,4.462207082668422,347.55730188239994,1.0,1,1.0
2023-05-26 00:00:00-04:00,336.06420527080365,344.4372001619429,335.9655772900047,343.5989074707031,63007000,0.0,0.0,0.0,4.991316243822352,2.0,4.479844054706886,6.415832804178957,5.553679329921131,4.479844054706886,347.55730188239994,1.0,1,0.0
2023-05-30 00:00:00-04:00,347.8494951664809,349.0526842425072,343.7271045983212,345.1571350097656,72652200,0.0,0.0,0.0,5.037562296620526,1.0,5.538933128969686,6.415832804178957,5.538933128969686,4.479844054706886,347.55730188239994,1.0,1,0.0
2023-05-31 00:00:00-04:00,343.56931782471395,345.76859837141154,341.73496381214943,343.1945495605469,65105400,0.0,0.0,0.0,4.937169522884685,2.0,4.494596489164234,6.415832804178957,5.538933128969686,4.494596489164234,347.55730188239994,1.0,1,0.0
2023-06-01 00:00:00-04:00,342.93819104460397,348.49058273770083,341.8829287302261,347.1592102050781,50488600,0.0,0.0,0.0,5.104217971343687,1.0,5.526857707924519,6.415832804178957,5.526857707924519,4.494596489164234,347.55730188239994,1.0,1,0.0
2023-06-02 00:00:00-04:00,348.9244941576787,350.9265188090231,347.1591826842658,349.7627868652344,53372100,0.0,0.0,0.0,4.97052978668505,2.0,4.50946940471176,6.415832804178957,5.526857707924519,4.50946940471176,335.5144425325092,-1.0,-1,-2.0
2023-06-05 00:00:00-04:00,349.54581395195584,352.5735154195462,348.9738198129913,350.00933837890625,47266200,0.0,0.0,0.0,4.833446368672037,2.0,4.519286888468132,6.415832804178957,5.526857707924519,4.519286888468132,337.21580695086436,-1.0,-1,0.0
2023-06-06 00:00:00-04:00,349.39791468735365,350.91670145502445,348.06651207075436,349.9501953125,41390400,0.0,0.0,0.0,4.635120670231844,2.0,4.5226937644023595,6.415832804178957,5.526857707924519,4.5226937644023595,337.21580695086436,-1.0,-1,0.0
2023-06-07 00:00:00-04:00,350.2362278659296,352.1987955554931,343.3819885013453,344.01318359375,69225900,0.0,0.0,0.0,5.053289308623443,1.0,5.514058561997463,6.415832804178957,5.514058561997463,4.5226937644023595,337.21580695086436,-1.0,-1,0.0
2023-06-08 00:00:00-04:00,344.3089834638751,348.7469716835626,344.0821722169705,348.283447265625,47153900,0.0,0.0,0.0,5.02133918674236,1.0,5.501092262648644,6.415832804178957,5.501092262648644,4.5226937644023595,337.21580695086436,-1.0,-1,0.0
2023-06-09 00:00:00-04:00,349.74308153490927,352.73132588966564,348.16512406539636,349.6148681640625,53196900,0.0,0.0,0.0,4.975825450495052,2.0,4.598818233532614,6.415832804178957,5.569482203138672,4.598818233532614,337.21580695086436,-1.0,-1,0.0
2023-06-12 00:00:00-04:00,351.28157593693555,355.62093633300447,350.30522812450465,355.5223083496094,44606500,0.0,0.0,0.0,5.0788497223397435,1.0,5.330234672568373,6.339799373853928,5.330234672568373,4.430823498114388,337.21580695086436,-1.0,-1,0.0
2023-06-13 00:00:00-04:00,358.2837968156723,359.0924741717072,355.0687106613283,358.25421142578125,57097800,0.0,0.0,0.0,4.973341101143659,1.0,5.31515725107603,6.339799373853928,5.31515725107603,4.430823498114388,341.1351206632896,-1.0,-1,0.0
2023-06-14 00:00:00-04:00,358.2639345225066,361.1437086054664,355.4532331224726,360.8576965332031,69525600,0.0,0.0,0.0,5.045054539328668,1.0,5.296307796841226,6.339799373853928,5.296307796841226,4.430823498114388,342.4095474734458,-1.0,-1,0.0
2023-06-15 00:00:00-04:00,359.58551942310453,366.6468554790231,358.96422634708625,365.1576843261719,71138800,0.0,0.0,0.0,5.308811998589485,1.0,5.296620401884931,6.352179491775383,5.296620401884931,4.430823498114388,346.9156797073999,-1.0,-1,0.0
2023-06-16 00:00:00-04:00,367.5838029744037,367.7120163492506,362.41602144512706,362.85980224609375,80932000,0.0,0.0,0.0,5.307530289142889,1.0,5.288757870327076,6.352179491775383,5.288757870327076,4.430823498114388,349.1977452862076,-1.0,-1,0.0
2023-06-20 00:00:00-04:00,361.4021258322462,363.7426675592377,359.36772913310404,362.3403015136719,49204700,0.504,0.0,0.0,5.214271102841967,1.0,5.240848692072851,6.3358502107458134,5.240848692072851,4.39891157357282,349.1977452862076,-1.0,-1,0.0
2023-06-21 00:00:00-04:00,361.1947404349831,361.6292747267149,356.4741453005509,357.4024658203125,53378300,0.0,0.0,0.0,5.279459613869867,1.0,5.219288424745218,6.3358502107458134,5.219288424745218,4.382185846011683,349.1977452862076,-1.0,-1,0.0
2023-06-22 00:00:00-04:00,356.14825550164454,361.77740035261087,355.7433471827791,361.6194152832031,47603000,0.0,0.0,0.0,5.35491896946606,1.0,5.222442623459656,6.352179491775383,5.222442623459656,4.382185846011683,349.1977452862076,-1.0,-1,0.0
2023-06-23 00:00:00-04:00,357.70859960316676,360.34543123864904,356.33588960440903,358.0345153808594,48922900,0.0,0.0,0.0,5.347779640398863,1.0,5.225291192026457,6.368080913110379,5.225291192026457,4.382185846011683,349.1977452862076,-1.0,-1,0.0
2023-06-26 00:00:00-04:00,357.501244746579,360.3059470279924,353.1460464080678,353.23492431640625,52685500,0.0,0.0,0.0,5.528991738351436,1.0,5.220986616876993,6.368080913110379,5.220986616876993,4.382185846011683,349.1977452862076,-1.0,-1,0.0
2023-06-27 00:00:00-04:00,354.7854332472095,360.0393263673244,354.0546392154727,359.3085021972656,49428100,0.0,0.0,0.0,5.656532769608108,1.0,5.240065662490785,6.3722662824781935,5.240065662490785,4.39891157357282,349.1977452862076,-1.0,-1,0.0
2023-06-28 00:00:00-04:00,357.48149097825126,361.9650482603262,357.4024683037584,360.0096740722656,46498000,0.0,0.0,0.0,5.547137488304082,1.0,5.256285915209696,6.3549394698776585,5.256285915209696,4.415005454872792,349.1977452862076,-1.0,-1,0.0
2023-06-29 00:00:00-04:00,359.71337572243283,360.3553219187688,357.63949771011954,359.2887268066406,46151000,0.0,0.0,0.0,5.264006160338602,1.0,5.25645747621256,6.333321030717475,5.25645747621256,4.415005454872792,349.1977452862076,-1.0,-1,0.0
2023-06-30 00:00:00-04:00,362.9821939387317,365.8856589688217,362.66619370164466,364.8289794921875,58712500,0.0,0.0,0.0,5.397298760522849,1.0,5.259519243262784,6.321437796751192,5.259519243262784,4.415005454872792,349.1977452862076,-1.0,-1,0.0
2023-07-03 00:00:00-04:00,365.4709652645846,366.3202631550608,364.3846294781328,365.688232421875,19432900,0.0,0.0,0.0,5.051132252163363,1.0,5.2550854774947116,6.301246165536341,5.2550854774947116,4.415005454872792,349.58718988411266,-1.0,-1,0.0
2023-07-05 00:00:00-04:00,364.1179326600076,367.38679468398846,364.0784213278043,365.67828369140625,34460900,0.0,0.0,0.0,4.876856362565444,1.0,5.238761636193651,6.282364807880963,5.238761636193651,4.39891157357282,350.0163230973154,-1.0,-1,0.0
2023-07-06 00:00:00-04:00,361.9551349406561,363.33773013919415,359.98984556078756,362.893310546875,49374700,0.0,0.0,0.0,4.95801453937077,1.0,5.224988028930606,6.254067625852205,5.224988028930606,4.382185846011683,350.0163230973154,-1.0,-1,0.0
2023-07-07 00:00:00-04:00,362.66625485277115,365.87586543199853,361.4614152144207,361.68853759765625,47133700,0.0,0.0,0.0,4.903658107191477,1.0,5.208793274556307,6.213568369350647,5.208793274556307,4.382185846011683,350.0163230973154,-1.0,-1,0.0
2023-07-10 00:00:00-04:00,361.411983907053,362.4884341970482,358.89368636438644,361.8070068359375,48498800,0.0,0.0,0.0,4.7727670797385064,2.0,4.397208201155022,6.177320242844888,5.1991051601251135,4.397208201155022,350.0163230973154,-1.0,-1,0.0
2023-07-11 00:00:00-04:00,362.2317191272589,364.04884887761943,360.08867358036474,363.5945739746094,38214100,0.0,0.0,0.0,4.691507901490125,2.0,4.408108190056322,6.10210050456056,5.16976414603029,4.408108190056322,350.0163230973154,-1.0,-1,0.0
2023-07-12 00:00:00-04:00,367.7126609963549,369.53967575134754,365.6980050961389,368.18670654296875,61975400,0.0,0.0,0.0,4.8168672890149296,1.0,5.162412128175803,6.089428026691369,5.162412128175803,4.408108190056322,352.1316040392158,-1.0,-1,0.0
2023-07-13 00:00:00-04:00,371.3766598173955,375.26769822680876,370.7939956068306,374.4381408691406,46960000,0.0,0.0,0.0,5.043279728497438,1.0,5.1599808547129795,6.078032723589156,5.1599808547129795,4.408108190056322,357.55090435268073,-1.0,-1,0.0
2023-07-14 00:00:00-04:00,374.8725966127165,378.1019474498736,373.48011593844217,374.35906982421875,55148500,0.0,0.0,0.0,5.001134906790837,1.0,5.156803935754536,6.071049011613175,5.156803935754536,4.408108190056322,360.3206198868943,-1.0,-1,0.0
2023-07-17 00:00:00-04:00,375.07999591125946,378.73402594835727,374.59609506604374,377.8550720214844,40868900,0.0,0.0,0.0,4.938517028525605,1.0,5.1435018784813415,6.039438271477615,5.1435018784813415,4.408108190056322,361.2345548717565,-1.0,-1,0.0
2023-07-18 00:00:00-04:00,377.2131747534531,382.3189377187427,375.27754113789257,380.9461975097656,55262000,0.0,0.0,0.0,5.1488049837580565,1.0,5.143605860937748,6.037968046415409,5.143605860937748,4.408108190056322,363.3674218455044,-1.0,-1,0.0
2023-07-19 00:00:00-04:00,382.0127421930308,383.158329731229,379.5240405920665,380.8572692871094,54093000,0.0,0.0,0.0,4.9973533992985,1.0,5.1407933135985315,6.039106216379288,5.1407933135985315,4.408108190056322,365.91880522085216,-1.0,-1,0.0
2023-07-20 00:00:00-04:00,377.8551257535946,379.32662937388665,371.05076643240756,372.0778503417969,71941700,0.0,0.0,0.0,5.478268344838833,1.0,5.1471607670181605,6.037096432614831,5.1471607670181605,4.408108190056322,365.91880522085216,-1.0,-1,0.0
2023-07-21 00:00:00-04:00,374.46772325279335,375.19854737721033,370.5273187279564,370.96185302734375,60499600,0.0,0.0,0.0,5.397564375280341,1.0,5.160012816716876,6.067224422999313,5.160012816716876,4.408108190056322,365.91880522085216,-1.0,-1,0.0
2023-07-24 00:00:00-04:00,371.93955044519856,372.88761160727756,369.6878863488103,371.5544128417969,40380100,0.0,0.0,0.0,5.177780463599032,1.0,5.160330096125485,6.091966665830459,5.160330096125485,4.408108190056322,365.91880522085216,-1.0,-1,0.0
2023-07-25 00:00:00-04:00,372.26547891151307,375.74172338293687,372.2457081722983,374.0727233886719,38894400,0.0,0.0,0.0,5.078733471353129,1.0,5.153713996444546,6.091966665830459,5.153713996444546,4.408108190056322,365.91880522085216,-1.0,-1,0.0
2023-07-26 00:00:00-04:00,373.0258651673939,374.52696443414567,370.5174227181193,372.8283386230469,47075700,0.0,0.0,0.0,4.971814295820454,1.0,5.144263598552087,6.091966665830459,5.144263598552087,4.408108190056322,365.91880522085216,-1.0,-1,0.0
2023-07-27 00:00:00-04:00,378.3093992647235,379.92900246906413,370.6458271327573,371.9395446777344,63940200,0.0,0.0,0.0,5.402950399869093,1.0,5.1412398765952245,6.091966665830459,5.1412398765952245,4.408108190056322,365.91880522085216,-1.0,-1,0.0
2023-07-28 00:00:00-04:00,376.00829512373997,379.74131748290506,375.49476834029525,378.7142639160156,56902900,0.0,0.0,0.0,5.642832640399252,0.0,6.042625571142229,6.042625571142229,5.120693487324686,4.3940828481454695,365.91880522085216,-1.0,-1,0.0
2023-07-31 00:00:00-04:00,379.02042231827784,380.0968726247332,377.5884302735675,378.9117736816406,44019900,0.0,0.0,0.0,5.329393611475896,1.0,5.119095204575129,6.042625571142229,5.119095204575129,4.3940828481454695,365.91880522085216,-1.0,-1,0.0
2023-08-01 00:00:00-04:00,377.5587913254608,378.7932567911056,375.95892890411585,378.0328369140625,41060600,0.0,0.0,0.0,5.0917387280807835,1.0,5.116669820699479,6.042625571142229,5.116669820699479,4.3940828481454695,365.91880522085216,-1.0,-1,0.0
2023-08-02 00:00:00-04:00,374.54674731129444,374.54674731129444,368.4929232045065,369.7372741699219,72687100,0.0,0.0,0.0,5.536556226228306,1.0,5.124167792226779,6.067014775528725,5.124167792226779,4.3940828481454695,365.91880522085216,-1.0,-1,0.0
2023-08-03 00:00:00-04:00,367.3176992961401,371.27787446309185,367.14979871885635,369.14471435546875,47666400,0.0,0.0,0.0,5.395708178029026,1.0,5.128931658644363,6.086863257602135,5.128931658644363,4.3940828481454695,365.91880522085216,-1.0,-1,0.0
2023-08-04 00:00:00-04:00,371.08029720186363,373.40109816877987,366.9127408288211,367.4164123535156,61702800,0.0,0.0,0.0,5.504973094222002,1.0,5.141777378196705,6.0878904253265125,5.141777378196705,4.408108190056322,365.91880522085216,-1.0,-1,0.0
2023-08-07 00:00:00-04:00,369.2335653114206,370.6260459802544,366.8930235989423,370.52728271484375,37230400,0.0,0.0,0.0,5.32777802293101,1.0,5.144984285864537,6.081996167797813,5.144984285864537,4.408108190056322,365.91880522085216,-1.0,-1,0.0
2023-08-08 00:00:00-04:00,368.0090139623611,368.02875456165884,364.23647995245074,367.376953125,44726500,0.0,0.0,0.0,5.424080496877211,1.0,5.14971473011899,6.07696410486871,5.14971473011899,4.408108190056322,365.91880522085216,-1.0,-1,0.0
2023-08-09 00:00:00-04:00,367.6633405275586,367.82135572957196,362.57734864967153,363.3377685546875,51150900,0.0,0.0,0.0,5.406073155179533,1.0,5.153987370536665,6.042814417198387,5.153987370536665,4.408108190056322,380.66131430123176,1.0,1,2.0
2023-08-10 00:00:00-04:00,366.3597349990874,369.70758976833025,362.4785826942923,364.0093078613281,72035300,0.0,0.0,0.0,5.588366547065375,0.0,5.977460092552634,5.977460092552634,5.153987370536665,4.408108190056322,380.66131430123176,1.0,1,0.0
2023-08-11 00:00:00-04:00,361.4416444761772,363.4266748171312,360.15781229981445,361.68853759765625,48707200,0.0,0.0,0.0,5.4146794485102046,1.0,5.158261011159182,5.957476636990809,5.158261011159182,4.408108190056322,377.26702659195035,1.0,1,0.0
2023-08-14 00:00:00-04:00,360.88853704662716,365.8659098592991,360.16762855876385,365.7474060058594,42130800,0.0,0.0,0.0,5.44303963371271,1.0,5.162854214748755,5.94707669455886,5.162854214748755,4.408108190056322,377.26702659195035,1.0,1,0.0
2023-08-15 00:00:00-04:00,364.76973770259787,365.56969909688837,361.1947303337722,361.8663024902344,45539900,0.0,0.0,0.0,5.354003237550155,1.0,5.129284826097743,5.775459944228321,5.129284826097743,4.3940828481454695,377.26702659195035,1.0,1,0.0
2023-08-16 00:00:00-04:00,361.32311829508967,362.86372886694943,357.93575211070043,358.0345153808594,53190500,0.0,0.0,0.0,5.311400589420039,0.0,5.5023827024592,5.5023827024592,5.004614952614423,4.380545878544568,376.9068885962025,1.0,1,0.0
2023-08-17 00:00:00-04:00,359.43686290088226,359.78251928839035,353.7089547073648,354.12371826171875,62604300,0.0,0.0,0.0,5.38761698858059,0.0,5.4506190601144295,5.4506190601144295,4.914582095997243,4.2286519658652555,373.09759417822085,1.0,1,0.0
2023-08-18 00:00:00-04:00,350.8449629471608,354.9433821748233,350.3017800712965,353.6792907714844,61191400,0.0,0.0,0.0,5.313015500075211,0.0,5.423453228156964,5.423453228156964,4.908600314915384,4.2286519658652555,368.89294080753075,1.0,1,0.0
2023-08-21 00:00:00-04:00,355.15078528460515,360.05902136814933,354.68662504634295,359.3775939941406,50696500,0.0,0.0,0.0,5.419687009734185,0.0,5.411254540054122,5.411254540054122,4.908600314915384,4.2286519658652555,368.89294080753075,1.0,1,0.0
2023-08-22 00:00:00-04:00,361.9946932188426,362.0045785882527,358.17279240897005,358.8641052246094,44530200,0.0,0.0,0.0,5.260896926689029,0.0,5.382596903908901,5.382596903908901,4.88965368830085,4.206163944561676,368.89294080753075,1.0,1,0.0
2023-08-23 00:00:00-04:00,360.0491857533421,365.61910938217056,359.8319185875724,364.52288818359375,51770600,0.0,0.0,0.0,5.410307649776246,0.0,5.375861395662718,5.375861395662718,4.88965368830085,4.206163944561676,368.89294080753075,1.0,1,0.0
2023-08-24 00:00:00-04:00,368.00904879144656,368.10778193559895,356.52357523487865,356.73095703125,66842500,0.0,0.0,0.0,6.0276975548706515,0.0,5.396284863739784,5.396284863739784,4.908600314915384,4.2286519658652555,368.89294080753075,1.0,1,0.0
2023-08-25 00:00:00-04:00,357.57037600949326,361.1947501431892,354.12372755114876,359.4961242675781,69960500,0.0,0.0,0.0,6.13203005858763,0.0,5.413284557837836,5.413284557837836,4.908600314915384,4.2286519658652555,368.89294080753075,1.0,1,0.0
2023-08-28 00:00:00-04:00,362.4291792443648,363.1402325657584,359.72324055882217,362.2020568847656,40910000,0.0,0.0,0.0,5.883237882546897,0.0,5.42832542372218,5.42832542372218,4.908600314915384,4.2286519658652555,368.89294080753075,1.0,1,0.0
2023-08-29 00:00:00-04:00,362.00452704030795,370.4680295195709,361.67864141771327,370.11248779296875,58492400,0.0,0.0,0.0,6.173852904477972,0.0,5.472355190876808,5.472355190876808,4.962528776474879,4.323515223465916,349.6562698960117,-1.0,-1,-2.0
2023-08-30 00:00:00-04:00,370.22110928544174,372.75917733402014,369.21376624918076,372.1764831542969,41731500,0.0,0.0,0.0,5.911008722514112,0.0,5.496374628556492,5.496374628556492,4.968787920443994,4.323515223465916,354.497347905931,-1.0,-1,0.0
2023-08-31 00:00:00-04:00,372.2555719406691,375.0010222215593,372.1864346340731,373.2925109863281,35730700,0.0,0.0,0.0,5.602361756988945,0.0,5.499239145541154,5.499239145541154,4.962528776474879,4.323515223465916,357.09601099119277,-1.0,-1,0.0
2023-09-01 00:00:00-04:00,375.67253698560194,376.0971858867266,371.4062169610878,372.8974609375,39801200,0.0,0.0,0.0,5.51122247385393,0.0,5.499554496286226,5.499554496286226,4.962518475001207,4.323515223465916,357.25303793504855,-1.0,-1,0.0
2023-09-05 00:00:00-04:00,372.08765873638424,374.59610118193183,371.15933822830726,373.37152099609375,32344200,0.0,0.0,0.0,5.3037765218309945,0.0,5.494534548223272,5.494534548223272,4.960491562249232,4.323515223465916,357.25303793504855,-1.0,-1,0.0
2023-09-06 00:00:00-04:00,372.59132817323575,372.93698455417183,368.06825966841876,370.0828857421875,42998700,0.0,0.0,0.0,5.303725002415394,0.0,5.483044963072317,5.483044963072317,4.91045693483489,4.2286519658652555,357.25303793504855,-1.0,-1,0.0
2023-09-07 00:00:00-04:00,365.60917276150434,368.2163783852634,364.5623484199908,367.4361877441406,52060700,0.0,0.0,0.0,5.325406234393522,0.0,5.479291660008536,5.479291660008536,4.90498037230712,4.2286519658652555,357.25303793504855,-1.0,-1,0.0
2023-09-08 00:00:00-04:00,367.38681367525555,370.19151564035695,366.9819053796093,367.94970703125,35800100,0.0,0.0,0.0,5.113826637028934,1.0,4.909165030235833,5.479291660008536,4.909165030235833,4.2286519658652555,357.25303793504855,-1.0,-1,0.0
2023-09-11 00:00:00-04:00,370.99146927232147,372.79871359052174,369.0163243771731,372.2851867675781,39936600,0.0,0.0,0.0,5.087344629253216,1.0,4.961423789485757,5.485755576036988,4.961423789485757,4.323515223465916,357.25303793504855,-1.0,-1,0.0
2023-09-12 00:00:00-04:00,370.606295350245,372.26543993953084,367.8707305660319,368.1571350097656,41391000,0.0,0.0,0.0,5.020055786482516,1.0,4.970332801120404,5.485755576036988,4.970332801120404,4.323515223465916,357.25303793504855,-1.0,-1,0.0
2023-09-13 00:00:00-04:00,368.3941200784581,371.1691960278678,367.2584178803043,369.5594482421875,46300700,0.0,0.0,0.0,4.909128022590616,1.0,4.944827119363142,5.485755576036988,4.944827119363142,4.250318817839883,357.25303793504855,-1.0,-1,0.0
2023-09-14 00:00:00-04:00,371.317359871793,373.56902387676206,369.2434818148812,372.5814514160156,48039400,0.0,0.0,0.0,4.8507694265196415,1.0,4.9282843206131055,5.479291660008536,4.9282843206131055,4.210619231103864,357.25303793504855,-1.0,-1,0.0
2023-09-15 00:00:00-04:00,371.23831554869855,371.643223817719,365.26348491166914,366.2016906738281,69811200,0.0,0.0,0.0,5.097489134302326,1.0,4.923993049024107,5.479291660008536,4.923993049024107,4.16535382189545,357.25303793504855,-1.0,-1,0.0
2023-09-18 00:00:00-04:00,365.2582065880154,367.70104260624447,364.9713875722225,366.5834655761719,36903500,0.536,0.0,0.0,4.860705724274289,1.0,4.944260073296626,5.485755576036988,4.944260073296626,4.193969426432843,357.25303793504855,-1.0,-1,0.0
2023-09-19 00:00:00-04:00,365.25824600141294,366.6032743081606,362.7659415076961,365.80218505859375,37621700,0.0,0.0,0.0,4.758368431893314,1.0,4.947213318535304,5.485755576036988,4.947213318535304,4.193969426432843,357.25303793504855,-1.0,-1,0.0
2023-09-20 00:00:00-04:00,366.8703296392556,367.22635589682943,360.4516856864801,360.53082275390625,45514200,0.0,0.0,0.0,4.959998609738914,1.0,4.945223729328107,5.485755576036988,4.945223729328107,4.193969426432843,357.25303793504855,-1.0,-1,0.0
2023-09-21 00:00:00-04:00,356.8318622452126,357.6230818495395,353.75608092010305,353.9241943359375,69734800,0.0,0.0,0.0,5.141472932145343,1.0,4.950401075638742,5.485755576036988,4.950401075638742,4.193969426432843,370.54078461173754,1.0,1,2.0
2023-09-22 00:00:00-04:00,355.6748090842293,357.82092661281916,353.65723646822437,353.9737243652344,51589700,0.0,0.0,0.0,5.043694653390289,1.0,4.958746651681017,5.485755576036988,4.958746651681017,4.193969426432843,370.54078461173754,1.0,1,0.0
2023-09-25 00:00:00-04:00,353.00448063280635,355.74403552042224,352.01547862155354,355.6549987792969,39168000,0.0,0.0,0.0,4.91218087793813,1.0,4.963935953557732,5.485755576036988,4.963935953557732,4.193969426432843,368.7715649316611,1.0,1,0.0
2023-09-26 00:00:00-04:00,353.06384721630457,353.607816476153,349.32542051527776,350.3144226074219,53657700,0.0,0.0,0.0,5.053920616546229,1.0,4.9710784764105815,5.485755576036988,4.9710784764105815,4.193969426432843,366.3798539249471,1.0,1,0.0
2023-09-27 00:00:00-04:00,351.47157203444044,353.0539814349152,347.4957642657296,351.13531494140625,56066000,0.0,0.0,0.0,5.10435027181017,1.0,4.9739756893540505,5.485755576036988,4.9739756893540505,4.16535382189545,365.1967999183845,1.0,1,0.0
2023-09-28 00:00:00-04:00,350.2154997143649,356.20887987525634,349.35507276421157,354.0726318359375,56453300,0.0,0.0,0.0,5.27929595573363,0.0,5.48083987079167,5.48083987079167,4.976554912103309,4.16535382189545,365.1967999183845,1.0,1,0.0
2023-09-29 00:00:00-04:00,357.5637675536404,358.95826390196254,353.0934594969624,354.3297119140625,64829600,0.0,0.0,0.0,5.337846800660282,0.0,5.477514450556057,5.477514450556057,4.984195444612443,4.16535382189545,365.1967999183845,1.0,1,0.0
2023-10-02 00:00:00-04:00,354.59677863937884,358.6912311451916,353.9836022404072,357.286865234375,51625100,0.0,0.0,0.0,5.274825011072691,0.0,5.4729078723859805,5.4729078723859805,4.984195444612443,4.1449605539952055,365.1967999183845,1.0,1,0.0
2023-10-03 00:00:00-04:00,354.83416562770316,357.0396511351634,349.39465417892563,351.0166320800781,60478500,0.0,0.0,0.0,5.536563615510359,0.0,5.47432244445541,5.47432244445541,4.984195444612443,4.121412522971604,365.1967999183845,1.0,1,0.0
2023-10-04 00:00:00-04:00,351.8572183436946,356.6439842341093,351.3923862127068,355.79345703125,54786700,0.0,0.0,0.0,5.545642469362444,0.0,5.475872879779476,5.475872879779476,4.984195444612443,4.111257149533277,365.1967999183845,1.0,1,0.0
2023-10-05 00:00:00-04:00,355.7835571778173,356.18905160524014,351.2341722850515,354.7451171875,45897400,0.0,0.0,0.0,5.486566154445064,0.0,5.476100396261723,5.476100396261723,4.984195444612443,4.099414435273434,365.1967999183845,1.0,1,0.0
2023-10-06 00:00:00-04:00,351.73856981698566,361.885740415053,350.94738025702804,360.6890563964844,75049100,0.0,0.0,0.0,6.031745554803055,0.0,5.487676337064667,5.487676337064667,4.984195444612443,4.099487794597605,365.1967999183845,1.0,1,0.0
2023-10-09 00:00:00-04:00,358.31543651047957,363.0725340343325,356.812164235361,362.5285949707031,45304800,0.0,0.0,0.0,6.054607979219895,0.0,5.49924637057804,5.49924637057804,4.984195444612443,4.117560827996519,365.1967999183845,1.0,1,0.0
2023-10-10 00:00:00-04:00,362.8648694139864,367.1967035003146,362.36049885981686,364.5362854003906,46968800,0.0,0.0,0.0,5.9327676453476785,0.0,5.507916796073432,5.507916796073432,4.984195444612443,4.131113994809179,365.1967999183845,1.0,1,0.0
2023-10-11 00:00:00-04:00,365.87143814238436,367.32527243210785,364.14068447280636,367.1373596191406,38215100,0.0,0.0,0.0,5.657949676743061,0.0,5.5108586172630325,5.5108586172630325,4.984195444612443,4.1051701638982285,349.20040260066804,-1.0,-1,-2.0
2023-10-12 00:00:00-04:00,367.64170231547956,369.62957569274613,363.45821324043675,365.8614807128906,49587900,0.0,0.0,0.0,5.709290954299693,0.0,5.594046289387793,5.594046289387793,5.067698251415681,4.210410539510006,349.76175559842807,-1.0,-1,0.0
2023-10-13 00:00:00-04:00,366.49446308996596,367.0779706237829,359.85823821589264,361.26263427734375,52469900,0.0,0.0,0.0,5.86033509965875,0.0,5.629701298523415,5.629701298523415,5.103977682166332,4.476716508598497,349.76175559842807,-1.0,-1,0.0
2023-10-16 00:00:00-04:00,362.5879049989268,366.4054683776152,362.4395607367118,365.34722900390625,44201100,0.0,0.0,0.0,5.78858499972002,0.0,5.890176745914055,5.890176745914055,5.38908518232708,4.940688265554858,349.76175559842807,-1.0,-1,0.0
2023-10-17 00:00:00-04:00,361.78684429918513,365.8516584957348,359.66049588808954,364.15057373046875,50999100,0.0,0.0,0.0,5.8288427605125435,0.0,5.886087813553955,5.886087813553955,5.38908518232708,4.963119994692534,349.76175559842807,-1.0,-1,0.0
2023-10-18 00:00:00-04:00,361.64837996937655,363.8637348239223,358.0384984704244,359.3736572265625,54280500,0.0,0.0,0.0,5.857166010465727,0.0,5.88428020086094,5.88428020086094,5.394238955954593,4.97884484790943,349.76175559842807,-1.0,-1,0.0
2023-10-19 00:00:00-04:00,360.7978442984737,361.99452835739027,355.20998861525965,356.0110778808594,72274200,0.0,0.0,0.0,5.949903383632217,0.0,5.88814038808278,5.88814038808278,5.394238955954593,4.978547909911503,349.76175559842807,-1.0,-1,0.0
2023-10-20 00:00:00-04:00,355.5066697709764,356.0803078640112,350.4726529394924,350.70013427734375,72559700,0.0,0.0,0.0,5.915678537720879,0.0,5.889670285284897,5.889670285284897,5.394238955954593,4.977108534625917,349.76175559842807,-1.0,-1,0.0
2023-10-23 00:00:00-04:00,349.3748633258106,355.30887544720997,347.2583845151773,351.75836181640625,60665200,0.0,0.0,0.0,6.12915977715206,0.0,5.949119364095611,5.949119364095611,5.41184346092929,4.978107009919448,349.76175559842807,-1.0,-1,0.0
2023-10-24 00:00:00-04:00,353.57811941919095,355.95171821462833,351.87703474910404,355.1802978515625,47082100,0.0,0.0,0.0,5.935579439259062,0.0,5.948322897928755,5.948322897928755,5.41184346092929,4.974873395523955,349.76175559842807,-1.0,-1,0.0
2023-10-25 00:00:00-04:00,352.7770686970255,352.9550818351697,345.90349188205755,346.48699951171875,71190500,0.0,0.0,0.0,6.269702092283651,0.0,5.966177297615138,5.966177297615138,5.41184346092929,4.974987701019716,367.32781875145906,1.0,1,2.0
2023-10-26 00:00:00-04:00,345.28034361438694,346.21990750608416,338.5848115176887,339.8804016113281,78621400,0.0,0.0,0.0,6.43295068245829,0.0,6.0063806158461714,6.0063806158461714,5.41845340522641,4.978813142434518,360.4215013594249,1.0,1,0.0
2023-10-27 00:00:00-04:00,342.61997606096975,345.0034746450301,340.2958151858945,341.5122985839844,63476700,0.0,0.0,0.0,6.301962917582659,0.0,6.02193757909546,6.02193757909546,5.41845340522641,4.988360155551259,360.4215013594249,1.0,1,0.0
2023-10-30 00:00:00-04:00,344.0045390300603,346.6847560770493,342.63974167585883,345.3594970703125,55298500,0.0,0.0,0.0,6.189012375130887,0.0,6.030291318897231,6.030291318897231,5.41845340522641,4.986505036892053,360.4215013594249,1.0,1,0.0
2023-10-31 00:00:00-04:00,345.38919127451487,347.38696451812893,342.80788027060055,347.0111389160156,47671900,0.0,0.0,0.0,6.028019562370638,0.0,6.030183140015013,6.030183140015013,5.41845340522641,4.985480503072927,360.4215013594249,1.0,1,0.0
2023-11-01 00:00:00-04:00,347.851758224222,353.59785699318877,347.75285199534585,353.03411865234375,58992700,0.0,0.0,0.0,6.083889413850889,0.0,6.03262433428028,6.03262433428028,5.41845340522641,4.985773080423771,360.4215013594249,1.0,1,0.0
2023-11-02 00:00:00-04:00,357.56380378332756,359.6802524412386,356.3374207375808,359.4429016113281,58162400,0.0,0.0,0.0,6.140113851355287,0.0,6.037297791544411,6.037297791544411,5.41845340522641,4.982864435363897,360.4215013594249,1.0,1,0.0
2023-11-03 00:00:00-04:00,360.7384562741133,364.9614836767162,360.510974963259,363.6658935546875,53280500,0.0,0.0,0.0,6.077960672758569,0.0,6.038992078261667,6.038992078261667,5.41845340522641,4.983171639693583,344.6192530852026,-1.0,-1,-2.0
2023-11-06 00:00:00-05:00,364.4373314267406,365.7131524370481,362.87472157207316,365.1494140625,38848700,0.0,0.0,0.0,5.754007691980208,0.0,6.027592702810408,6.027592702810408,5.41845340522641,4.981108876372414,346.2111588961294,-1.0,-1,0.0
2023-11-07 00:00:00-05:00,366.19774599268464,369.47134007582156,364.991162390487,368.6010437011719,50777400,0.0,0.0,0.0,5.626624691315645,1.0,5.425515909509214,6.027592702810408,5.425515909509214,4.981108876372414,350.9547035046266,-1.0,-1,0.0
2023-11-08 00:00:00-05:00,368.9768540096402,369.6790671627911,366.5439175331361,368.8384094238281,35663400,0.0,0.0,0.0,5.377477185149583,1.0,5.427070284976029,6.027592702810408,5.427070284976029,4.981108876372414,351.8302814930355,-1.0,-1,0.0
2023-11-09 00:00:00-05:00,369.53071378986675,370.67792952498826,365.50546849309717,365.9999694824219,53859400,0.0,0.0,0.0,5.356975569823733,1.0,5.430241495353402,6.027592702810408,5.430241495353402,4.981108876372414,351.8302814930355,-1.0,-1,0.0
2023-11-10 00:00:00-05:00,367.7307046693795,374.3767988428796,367.19663517650673,374.22845458984375,58309800,0.0,0.0,0.0,5.6589609488871355,1.0,5.438674858353786,6.027592702810408,5.438674858353786,4.981108876372414,354.4706924346318,-1.0,-1,0.0
2023-11-13 00:00:00-05:00,372.64603746760264,374.1196406527016,371.1130664006199,373.0614013671875,40733500,0.0,0.0,0.0,5.404603672920806,1.0,5.439778962875002,6.027592702810408,5.439778962875002,4.981108876372414,356.29701663803576,-1.0,-1,0.0
2023-11-14 00:00:00-05:00,379.48992374638084,382.01189678792616,378.9657539284974,381.09210205078125,67792600,0.0,0.0,0.0,5.759192847702591,0.0,6.017269631460108,6.017269631460108,5.441869856567642,4.981108876372414,362.43701646383147,-1.0,-1,0.0
2023-11-15 00:00:00-05:00,382.99101481592743,383.48551580342377,380.01410921297696,381.3789367675781,54141400,0.0,0.0,0.0,5.530414221977013,1.0,5.441902185740951,6.017269631460108,5.441902185740951,4.981108876372414,365.4241059509775,-1.0,-1,0.0
2023-11-16 00:00:00-05:00,380.6075752442991,381.9427341532316,379.34165372798117,381.70538330078125,45343500,0.0,0.0,0.0,5.237480842304354,1.0,5.43237827830223,6.017269631460108,5.43237827830223,4.981108876372414,365.4241059509775,-1.0,-1,0.0
2023-11-17 00:00:00-05:00,380.97345347587924,382.81301289776684,380.06358853417015,381.7943420410156,46571900,0.0,0.0,0.0,4.988675194433587,2.0,4.981352951148581,6.017269631460108,5.429709459464977,4.981352951148581,366.4942418625227,-1.0,-1,0.0
2023-11-20 00:00:00-05:00,381.80417506572763,387.1052409949252,381.80417506572763,386.4425964355469,44429600,0.0,0.0,0.0,5.020897570381189,2.0,4.982588720499599,6.017269631460108,5.433654776110844,4.982588720499599,369.5069418688276,-1.0,-1,0.0
2023-11-21 00:00:00-05:00,384.7316708398114,384.9492524832218,382.44707867497453,384.1976013183594,43337000,0.0,0.0,0.0,4.918359589400304,2.0,4.98064238319356,6.017269631460108,5.434541508198355,4.98064238319356,369.5069418688276,-1.0,-1,0.0
2023-11-22 00:00:00-05:00,386.27451175354935,388.74701671111063,384.7613399267997,385.7701110839844,44121000,0.0,0.0,0.0,4.8814651697353995,2.0,4.975500956453318,6.017269631460108,5.434541508198355,4.975500956453318,371.8276754495952,-1.0,-1,0.0
2023-11-24 00:00:00-05:00,385.36464088077975,385.95804814429687,384.2272945651745,385.2261962890625,15718800,0.0,0.0,0.0,4.566394010674099,2.0,4.9660930063960045,6.017269631460108,5.434541508198355,4.9660930063960045,371.8276754495952,-1.0,-1,0.0
2023-11-27 00:00:00-05:00,384.73164864823184,386.84809707392304,384.00966637720865,384.889892578125,34139700,0.0,0.0,0.0,4.393597679278129,2.0,4.948989465181075,6.017269631460108,5.434541508198355,4.948989465181075,371.8276754495952,-1.0,-1,0.0
2023-11-28 00:00:00-05:00,384.1382897171464,386.48221974564893,383.78223328466834,385.8987121582031,35491100,0.0,0.0,0.0,4.224236557448375,2.0,4.920607823051043,6.017269631460108,5.428428149993609,4.920607823051043,371.8276754495952,-1.0,-1,0.0
2023-11-29 00:00:00-05:00,388.37115744159854,389.8052222653731,385.1766704480151,385.5228271484375,38811700,0.0,0.0,0.0,4.264668083439339,2.0,4.904729729416694,6.017269631460108,5.428428149993609,4.904729729416694,372.776757168444,-1.0,-1,0.0
2023-11-30 00:00:00-05:00,385.78990245224475,386.2547346182854,381.57677428590614,384.55364990234375,52834400,0.0,0.0,0.0,4.305997308333331,2.0,4.892682523380544,6.017269631460108,5.428428149993609,4.892682523380544,372.776757168444,-1.0,-1,0.0
2023-12-01 00:00:00-05:00,383.4855418533156,386.24486600192876,381.8240256661291,385.6514587402344,40490100,0.0,0.0,0.0,4.317481611079963,2.0,4.859205905144634,6.0058630137875,5.408720215379891,4.859205905144634,372.776757168444,-1.0,-1,0.0
2023-12-04 00:00:00-05:00,381.84377722021844,382.34817789667375,378.4515076157717,382.0712585449219,51186900,0.0,0.0,0.0,4.605728562418237,2.0,4.781880963184637,6.0058630137875,5.370376574146201,4.781880963184637,372.776757168444,-1.0,-1,0.0
2023-12-05 00:00:00-05:00,380.1625092466938,384.22729315021473,379.9844659409313,383.0306091308594,42933000,0.0,0.0,0.0,4.56943842710476,2.0,4.763893609864383,6.0058630137875,5.370376574146201,4.763893609864383,372.776757168444,-1.0,-1,0.0
2023-12-06 00:00:00-05:00,385.9777459580985,386.07665218072293,380.46902852302384,380.8151550292969,41994100,0.0,0.0,0.0,4.673256950164194,2.0,4.725935058565785,6.0058630137875,5.357766027511772,4.725935058565785,372.776757168444,-1.0,-1,0.0
2023-12-07 00:00:00-05:00,383.8020171079665,386.9668054295092,382.7042091827019,386.13604736328125,49593500,0.0,0.0,0.0,4.821096295169005,2.0,4.755571314142113,6.0058630137875,5.3749926489459545,4.755571314142113,372.776757168444,-1.0,-1,0.0
2023-12-08 00:00:00-05:00,384.3953962952187,388.3019358388424,384.2074835125543,387.8569030761719,46687500,0.0,0.0,0.0,4.748431898280914,2.0,4.719249829678204,6.0058630137875,5.361945248386845,4.719249829678204,372.776757168444,-1.0,-1,0.0
2023-12-11 00:00:00-05:00,387.4316781995343,391.4371548675029,387.2239962066905,391.17010498046875,41198000,0.0,0.0,0.0,4.694904574534061,2.0,4.718235444047198,6.0058630137875,5.359571307642928,4.718235444047198,375.1758692049551,-1.0,-1,0.0
2023-12-12 00:00:00-05:00,391.20961906935327,394.4041063161687,390.07227283375704,394.2854309082031,39221200,0.0,0.0,0.0,4.658597465321819,2.0,4.715849924898183,6.0058630137875,5.358779785400482,4.715849924898183,378.0906398002683,-1.0,-1,0.0
2023-12-13 00:00:00-05:00,395.2249989532722,399.91285906615275,394.45357855264695,399.2996826171875,55408100,0.0,0.0,0.0,4.755480534584599,2.0,4.7173741791168915,6.0058630137875,5.362630834800513,4.7173741791168915,383.0310962720491,-1.0,-1,0.0
2023-12-14 00:00:00-05:00,400.52606188694983,401.8315216573179,395.9370778783066,398.95355224609375,55447800,0.0,0.0,0.0,4.869376859027273,2.0,4.745473130551827,6.0058630137875,5.383347738507602,4.745473130551827,384.64788037615676,-1.0,-1,0.0
2023-12-15 00:00:00-05:00,399.7348036687881,402.06886398152335,399.13152696245385,400.8820495605469,62896600,0.0,0.0,0.0,4.6939703466675065,2.0,4.712713391367167,6.0058630137875,5.368802516614586,4.712713391367167,386.4620552978871,-1.0,-1,0.0
2023-12-18 00:00:00-05:00,401.27650893095705,404.30889763977,400.94949966489145,403.4071044921875,46610000,0.808,0.0,0.0,4.5672581199230695,2.0,4.707518560244163,6.0058630137875,5.368043674764486,4.707518560244163,388.50664297159824,-1.0,-1,0.0
2023-12-19 00:00:00-05:00,403.86294418034953,405.58723520495033,403.6746560521195,405.46832275390625,35711900,0.0,0.0,0.0,4.328545379207046,2.0,4.694450519518746,6.0058630137875,5.361798471000061,4.694450519518746,390.5475940699787,-1.0,-1,0.0
2023-12-20 00:00:00-05:00,404.6656158568025,406.76648304643743,399.2647770831493,399.4431457519531,54042400,0.0,0.0,0.0,4.645861437615157,2.0,4.692830883455293,6.0058630137875,5.362552072384343,4.692830883455293,390.5475940699787,-1.0,-1,0.0
2023-12-21 00:00:00-05:00,403.3872653311586,404.4575378781933,400.82063744773694,404.0908508300781,45568900,0.0,0.0,0.0,4.68271450647766,2.0,4.692504548714079,6.0058630137875,5.369000009153475,4.692504548714079,390.5475940699787,-1.0,-1,0.0
2023-12-22 00:00:00-05:00,405.3097441479455,406.2709934061029,402.81249206386974,404.6953430175781,34314000,0.0,0.0,0.0,4.560293190053208,2.0,4.688372943755926,6.0058630137875,5.36491327215165,4.688372943755926,390.5475940699787,-1.0,-1,0.0
2023-12-26 00:00:00-05:00,405.5574925600035,407.84664788726803,405.4583887736077,407.17279052734375,22722500,0.0,0.0,0.0,4.419394358016879,2.0,4.658270167785252,6.0058630137875,5.347778317548865,4.658270167785252,392.6777078270821,-1.0,-1,0.0
2023-12-27 00:00:00-05:00,407.4563663339475,408.28922153629344,406.59373712545784,408.0016784667969,31980500,0.216,0.0,0.0,4.147003363298752,2.0,4.6311194635550965,5.981903861996301,5.319337020290843,4.6311194635550965,393.5481209402103,-1.0,-1,0.0
2023-12-28 00:00:00-05:00,409.1617844060661,409.40965908261904,407.4464807513893,407.80340576171875,27029200,0.0,0.0,0.0,3.9286208600918524,2.0,4.597849213566482,5.981903861996301,5.31014253496104,4.597849213566482,394.6345222763047,-1.0,-1,0.0
2023-12-29 00:00:00-05:00,407.7835604769973,408.1405157225287,404.11500339649314,406.03851318359375,42662100,0.0,0.0,0.0,3.9383100066862213,2.0,4.542481625424762,5.970061222973612,5.270601578053117,4.542481625424762,394.6345222763047,-1.0,-1,0.0
2024-01-02 00:00:00-05:00,402.389759133303,402.63763376540203,396.837361322658,399.1673889160156,58026900,0.0,0.0,0.0,4.464594192111173,2.0,4.539885377647642,5.970061222973612,5.2672147886249565,4.539885377647642,394.6345222763047,-1.0,-1,0.0
2024-01-03 00:00:00-05:00,396.53006852519417,397.59097939801006,394.5074329595033,394.94366455078125,47002800,0.0,0.0,0.0,4.484130368551287,2.0,4.538086828967115,5.970061222973612,5.258980128152126,4.538086828967115,394.6345222763047,-1.0,-1,0.0
2024-01-04 00:00:00-05:00,393.0697151874612,396.1929297876739,392.6929408706993,392.91107177734375,39432800,0.0,0.0,0.0,4.385716223393617,2.0,4.498443454080594,5.958199949877332,5.217368288636767,4.498443454080594,407.9382656914284,1.0,1,2.0
2024-01-05 00:00:00-05:00,393.07966820880176,396.16321461436485,391.97908892739554,393.3771057128906,44922800,0.0,0.0,0.0,4.365557169751186,2.0,4.481711996950647,5.958199949877332,5.202561533456941,4.481711996950647,407.51628776173214,1.0,1,0.0
2024-01-08 00:00:00-05:00,394.60656294591325,401.7949286122786,394.4578441906508,401.5074157714844,42473800,0.0,0.0,0.0,4.770783742714868,2.0,4.491347721809453,5.958199949877332,5.1986784128391665,4.491347721809453,407.51628776173214,1.0,1,0.0
2024-01-09 00:00:00-05:00,398.4932165328833,403.2325787563393,398.29490470436576,402.3005676269531,39132900,0.0,0.0,0.0,4.7874727736407365,2.0,4.500900142836269,5.958199949877332,5.195712039771249,4.500900142836269,407.51628776173214,1.0,1,0.0
2024-01-10 00:00:00-05:00,402.6178567483611,406.03850887379537,401.72551403121025,405.0271911621094,33962800,0.0,0.0,0.0,4.740024980535175,2.0,4.5083727940143605,5.958199949877332,5.1905254195331585,4.5083727940143605,407.51628776173214,1.0,1,0.0
2024-01-11 00:00:00-05:00,406.30625696177617,407.7042737467346,400.80342107313487,405.8699951171875,54536200,0.0,0.0,0.0,4.956107749841631,1.0,5.180879264121439,5.958199949877332,5.180879264121439,4.5083727940143605,407.51628776173214,1.0,1,0.0
2024-01-12 00:00:00-05:00,406.9110718531416,407.753851823432,404.6801997155058,406.0782165527344,39595000,0.0,0.0,0.0,4.767862185650087,2.0,4.516236108912413,5.958199949877332,5.174245715632197,4.516236108912413,407.51628776173214,1.0,1,0.0
2024-01-16 00:00:00-05:00,404.8388082984474,407.6249170632209,403.3713794146183,406.03851318359375,43903000,0.0,0.0,0.0,4.7164297319453405,2.0,4.522124156648675,5.921082904501386,5.1374790165381325,4.522124156648675,407.51628776173214,1.0,1,0.0
2024-01-17 00:00:00-05:00,402.7170625437776,404.12497383101066,399.494691590733,403.7481994628906,54386000,0.0,0.0,0.0,4.899168918036882,1.0,5.121505931171277,5.921082904501386,5.121505931171277,4.522124156648675,407.51628776173214,1.0,1,0.0
2024-01-18 00:00:00-05:00,407.0300617835242,410.0640455813031,405.6816379881296,409.47906494140625,59562500,0.0,0.0,0.0,5.040836638074442,1.0,5.110297727374244,5.9178521575205,5.110297727374244,4.513064394875332,392.6683174427317,-1.0,-1,-2.0
2024-01-19 00:00:00-05:00,411.6901023332258,417.75806969671163,411.1051217157018,417.59942626953125,70325100,0.0,0.0,0.0,5.364653449797536,1.0,5.126284702510378,5.911159098112151,5.126284702510378,4.522124156648675,399.0527415986756,-1.0,-1,0.0
2024-01-22 00:00:00-05:00,419.8104860153669,421.11927161686714,417.5399454237228,418.144775390625,44880600,0.0,0.0,0.0,5.186120724132213,1.0,5.127994303128145,5.9120597824852235,5.127994303128145,4.522124156648675,403.94562561091055,-1.0,-1,0.0
2024-01-23 00:00:00-05:00,418.8387910165577,420.098013738095,416.99461794773197,419.8798828125,33003800,0.0,0.0,0.0,4.977848230755296,1.0,5.104653407265428,5.890684607303803,5.104653407265428,4.513064394875332,403.94562561091055,-1.0,-1,0.0
2024-01-24 00:00:00-05:00,423.80619799301854,426.195713441629,421.7141200450076,422.2098693847656,46948000,0.0,0.0,0.0,5.111646470592664,1.0,5.1048424089769755,5.890007136796793,5.1048424089769755,4.513064394875332,408.64038951638736,-1.0,-1,0.0
2024-01-25 00:00:00-05:00,424.71832495624875,425.39256699913693,420.375586513425,422.7254333496094,44367200,0.0,0.0,0.0,5.102179872104592,1.0,5.122933557445727,5.913808209752176,5.122933557445727,4.522124156648675,408.64038951638736,-1.0,-1,0.0
2024-01-26 00:00:00-05:00,420.83174135303364,422.58668328714623,419.5526994644343,420.20709228515625,37137000,0.0,0.0,0.0,4.909235273411642,1.0,5.099758571222162,5.913808209752176,5.099758571222162,4.513064394875332,408.64038951638736,-1.0,-1,0.0
2024-01-29 00:00:00-05:00,420.66311231519205,424.70844366493674,420.00871958925876,424.5101318359375,38694700,0.0,0.0,0.0,4.888284153638275,1.0,5.089104920755681,5.913808209752176,5.089104920755681,4.513064394875332,408.64038951638736,-1.0,-1,0.0
2024-01-30 00:00:00-05:00,423.4690417377487,424.0440975899337,420.7721644397009,421.684326171875,36739000,0.0,0.0,0.0,4.77325247789811,2.0,4.520716985552473,5.913808209752176,5.0834570238699,4.520716985552473,408.84598005815985,-1.0,-1,0.0
2024-01-31 00:00:00-05:00,417.27225189638284,419.2750684636077,413.2467694218702,413.42523193359375,64010600,0.0,0.0,0.0,5.139682905108777,1.0,5.078569567836091,5.913808209752176,5.078569567836091,4.520716985552473,408.84598005815985,-1.0,-1,0.0
2024-02-01 00:00:00-05:00,415.2297298210704,418.7892063582979,414.25805024712696,418.29345703125,51008600,0.0,0.0,0.0,5.162112057068316,1.0,5.079840236784496,5.913808209752176,5.079840236784496,4.520716985552473,408.84598005815985,-1.0,-1,0.0
2024-02-02 00:00:00-05:00,420.19709400154153,426.5823473974517,419.1957009924448,425.3628234863281,59602400,0.0,0.0,0.0,5.474789887981656,1.0,5.0900361646457695,5.913808209752176,5.0900361646457695,4.520716985552473,408.84598005815985,-1.0,-1,0.0
2024-02-05 00:00:00-05:00,425.42234152148615,425.9577290173293,421.38693467336685,424.8076171875,39889200,0.0,0.0,0.0,5.384390333579737,1.0,5.099623915885171,5.913808209752176,5.099623915885171,4.520716985552473,408.84598005815985,-1.0,-1,0.0
2024-02-06 00:00:00-05:00,425.95771135659805,426.56254125434293,421.60504811078823,423.95489501953125,35846100,0.0,0.0,0.0,5.341700614577233,1.0,5.118842840552813,5.913808209752176,5.118842840552813,4.529299251541516,408.84598005815985,-1.0,-1,0.0
2024-02-07 00:00:00-05:00,426.75095028275337,429.1503601426318,425.442164763835,428.3175048828125,37712700,0.0,0.0,0.0,5.327077065429568,1.0,5.131716019982813,5.913808209752176,5.131716019982813,4.529299251541516,411.901114393285,-1.0,-1,0.0
2024-02-08 00:00:00-05:00,428.4364452121638,429.87413028437817,427.75233901614376,429.1106872558594,29889900,0.0,0.0,0.0,5.006548485710051,1.0,5.129258164615453,5.913808209752176,5.129258164615453,4.529299251541516,413.4254601564146,-1.0,-1,0.0
2024-02-09 00:00:00-05:00,430.2509263802428,434.1276897307243,429.457739563906,433.33447265625,36943900,0.0,0.0,0.0,5.007593884625537,1.0,5.133228114895218,5.913808209752176,5.133228114895218,4.529299251541516,416.39303030262954,-1.0,-1,0.0
2024-02-12 00:00:00-05:00,433.2254420489611,435.40675128038595,430.954901565997,431.6390380859375,33203300,0.0,0.0,0.0,4.952019467601881,1.0,5.1284594662822345,5.913808209752176,5.1284594662822345,4.52256192270764,417.79544802434475,-1.0,-1,0.0
2024-02-13 00:00:00-05:00,423.6475763041826,427.60364655577297,421.714141676696,424.9067687988281,64491700,0.0,0.0,0.0,5.4493071617658435,1.0,5.141336007125048,5.913808209752176,5.141336007125048,4.52256192270764,417.79544802434475,-1.0,-1,0.0
2024-02-14 00:00:00-05:00,427.5937498286893,429.9634160472209,425.23397802187264,429.5370788574219,45092700,0.0,0.0,0.0,5.410041170428537,1.0,5.176876995509387,5.958960382648443,5.176876995509387,4.52256192270764,417.79544802434475,-1.0,-1,0.0
2024-02-15 00:00:00-05:00,430.2311204840703,431.28210666408455,427.6631122760374,430.81610107421875,38796100,0.0,0.0,0.0,5.2309364921903985,1.0,5.181443869626462,5.958960382648443,5.181443869626462,4.52256192270764,417.79544802434475,-1.0,-1,0.0
2024-02-16 00:00:00-05:00,431.1928578000522,431.29198345747955,426.19569618534285,426.9095764160156,53716500,0.0,0.0,0.0,5.217471570185028,1.0,5.188889984071509,5.958960382648443,5.188889984071509,4.52256192270764,417.79544802434475,-1.0,-1,0.0
2024-02-20 00:00:00-05:00,424.90671875373573,426.4237104222137,419.8996628583255,423.68719482421875,53999500,0.0,0.0,0.0,5.39671576893554,1.0,5.1972508414468575,5.958960382648443,5.1972508414468575,4.52256192270764,417.79544802434475,-1.0,-1,0.0
2024-02-21 00:00:00-05:00,420.94074357843107,422.08099124280005,418.045584438686,421.9917297363281,49779000,0.0,0.0,0.0,5.421205230595263,1.0,5.204979011173323,5.958960382648443,5.204979011173323,4.52256192270764,417.79544802434475,-1.0,-1,0.0
2024-02-22 00:00:00-05:00,430.79621278020625,435.38685609420656,430.02284509016346,434.3457946777344,53887800,0.0,0.0,0.0,6.218597343323581,0.0,5.968946419597486,5.968946419597486,5.203121087559316,4.52256192270764,417.79544802434475,-1.0,-1,0.0
2024-02-23 00:00:00-05:00,435.9123994193736,436.8444106223351,432.08522894358055,433.0668029785156,39853900,0.0,0.0,0.0,6.072655776866677,0.0,5.972787506903752,5.972787506903752,5.199666582095189,4.52256192270764,417.79544802434475,-1.0,-1,0.0
2024-02-26 00:00:00-05:00,433.8798063154536,434.87130494494136,432.65032743935575,432.8387145996094,33043200,0.0,0.0,0.0,5.68748794973857,0.0,5.962598237004996,5.962598237004996,5.197688728701044,4.52256192270764,417.79544802434475,-1.0,-1,0.0
2024-02-27 00:00:00-05:00,433.94923394583435,434.26649052239225,431.3316629468004,433.87982177734375,33713200,0.0,0.0,0.0,5.412221912323898,1.0,5.19441657861719,5.962598237004996,5.19441657861719,4.52256192270764,417.79544802434475,-1.0,-1,0.0
2024-02-28 00:00:00-05:00,431.72825401218796,432.95773292541065,430.6078556857338,431.5696105957031,32938800,0.0,0.0,0.0,5.198196330252504,1.0,5.1852732591669275,5.962598237004996,5.1852732591669275,4.52256192270764,417.79544802434475,-1.0,-1,0.0
2024-02-29 00:00:00-05:00,434.5044707394436,436.3486437319432,431.3217382397872,435.2679138183594,42495200,0.0,0.0,0.0,5.181067246442854,1.0,5.177233814219502,5.962598237004996,5.177233814219502,4.52256192270764,418.3034895432067,-1.0,-1,0.0
2024-03-01 00:00:00-05:00,436.1602371398043,442.7834406632999,436.10074964322064,441.8216857910156,43853000,0.0,0.0,0.0,5.414513206292624,1.0,5.1833179011957355,5.960037225234697,5.1833179011957355,4.52256192270764,423.8921414496731,-1.0,-1,0.0
2024-03-04 00:00:00-05:00,441.8217185504422,442.2480859850873,439.9973645842895,440.2452392578125,34325700,0.0,0.0,0.0,5.098134025743139,1.0,5.18118830430942,5.956399888542959,5.18118830430942,4.52256192270764,425.5791603717601,-1.0,-1,0.0
2024-03-05 00:00:00-05:00,437.1913992670348,437.2013239357328,429.9633659319405,432.34295654296875,57917100,0.0,0.0,0.0,5.6165079557560285,0.0,5.944236054327896,5.944236054327896,5.18118830430942,4.52256192270764,425.5791603717601,-1.0,-1,0.0
2024-03-06 00:00:00-05:00,436.5767147005598,438.2325005844506,433.1758814226458,435.0597229003906,46234500,0.0,0.0,0.0,5.643811564328608,0.0,5.943692280773495,5.943692280773495,5.18118830430942,4.52256192270764,425.5791603717601,-1.0,-1,0.0
2024-03-07 00:00:00-05:00,438.65887654701555,442.92230893520167,437.11211070798066,441.6631164550781,44526700,0.0,0.0,0.0,5.865689011376852,0.0,5.9497075906610775,5.9497075906610775,5.18118830430942,4.52256192270764,425.5791603717601,-1.0,-1,0.0
2024-03-08 00:00:00-05:00,442.0200039286626,444.8259620095074,434.61350791689847,435.2877197265625,72096000,0.0,0.0,0.0,6.300365519500061,0.0,5.966631837578051,5.966631837578051,5.18118830430942,4.52256192270764,425.5791603717601,-1.0,-1,0.0
2024-03-11 00:00:00-04:00,433.79060586205696,434.9308233152779,431.7381962913759,433.671630859375,45860000,0.0,0.0,0.0,6.025281311068714,0.0,5.975735541860692,5.975735541860692,5.18118830430942,4.52256192270764,425.5791603717601,-1.0,-1,0.0
2024-03-12 00:00:00-04:00,435.99175338155555,440.24526120540094,432.74953312503106,439.8883361816406,55300900,0.0,0.0,0.0,6.172325987998829,0.0,5.988946435225549,5.988946435225549,5.18118830430942,4.52256192270764,425.5791603717601,-1.0,-1,0.0
2024-03-13 00:00:00-04:00,438.88688448062385,438.90673381942474,435.3868953519031,436.5072937011719,37928700,0.0,0.0,0.0,6.005237472172699,0.0,5.99464149144505,5.99464149144505,5.18118830430942,4.52256192270764,425.5791603717601,-1.0,-1,0.0
2024-03-14 00:00:00-04:00,437.74669128837627,438.2721844073436,432.6801472789118,435.4067687988281,52195200,0.0,0.0,0.0,5.963917437798609,0.0,5.995180493528372,5.995180493528372,5.18118830430942,4.52256192270764,425.5791603717601,-1.0,-1,0.0
2024-03-15 00:00:00-04:00,432.36282567540616,435.1390098056862,429.0611182102519,430.2311096191406,73069800,0.0,0.0,0.0,6.002090752876372,0.0,5.998504040265122,5.998504040265122,5.18118830430942,4.52256192270764,425.5791603717601,-1.0,-1,0.0
2024-03-18 00:00:00-04:00,435.5754237836891,437.86881183631334,434.0961166831345,434.33441162109375,47323800,0.573,0.0,0.0,6.165651899306006,0.0,5.999907583424889,5.999907583424889,5.18118830430942,4.52256192270764,425.5791603717601,-1.0,-1,0.0
2024-03-19 00:00:00-04:00,432.3190034714641,435.8236205612336,430.21422142056804,435.41656494140625,43004100,0.0,0.0,0.0,6.1100266234419625,0.0,6.006617090508846,6.006617090508846,5.18118830430942,4.52256192270764,425.5791603717601,-1.0,-1,0.0
2024-03-20 00:00:00-04:00,436.6178917169453,440.9167448107488,434.9102576525984,440.5791931152344,43653500,0.0,0.0,0.0,6.099672676912809,0.0,6.0000774976099684,6.0000774976099684,5.18118830430942,4.52256192270764,425.5791603717601,-1.0,-1,0.0
2024-03-21 00:00:00-04:00,445.65242943567154,446.10911342080186,442.4655187360141,442.6640625,39345700,0.0,0.0,0.0,6.042697439778277,0.0,5.985067757506889,5.985067757506889,5.18118830430942,4.52256192270764,426.3321128058873,-1.0,-1,0.0
2024-03-22 00:00:00-04:00,442.1477869036586,444.2723838150786,441.2939548434112,443.1703796386719,28253900,0.0,0.0,0.0,5.736270592967193,0.0,5.963310360406296,5.963310360406296,5.18118830430942,4.52256192270764,426.3321128058873,-1.0,-1,0.0
2024-03-25 00:00:00-04:00,440.3607511454158,443.05128737434814,439.3580339037262,441.56207275390625,27789200,0.0,0.0,0.0,5.543878107165041,1.0,5.1900343970619955,5.954282279817312,5.1900343970619955,4.52256192270764,426.3321128058873,-1.0,-1,0.0
2024-03-26 00:00:00-04:00,443.0909693693227,444.01430544271,439.9040586267717,440.1324157714844,34142000,0.0,0.0,0.0,5.4005149780423665,1.0,5.195045839466291,5.951209893044257,5.195045839466291,4.52256192270764,426.37404451634194,-1.0,-1,0.0
2024-03-27 00:00:00-04:00,443.229970152728,443.329257183536,438.75238865717455,441.63153076171875,41359200,0.0,0.0,0.0,5.318150332874277,1.0,5.197908734661825,5.945441218226578,5.197908734661825,4.52256192270764,426.37404451634194,-1.0,-1,0.0
2024-03-28 00:00:00-04:00,441.5818964080316,442.4357285036258,440.46001660122334,440.81744384765625,36839600,0.0,0.0,0.0,4.983906489827094,1.0,5.193045047279217,5.936592462175272,5.193045047279217,4.52256192270764,426.37404451634194,-1.0,-1,0.0
2024-04-01 00:00:00-04:00,441.77060822948056,444.3121990680167,439.8346168673846,441.7507629394531,38729000,0.0,0.0,0.0,4.933274060907592,1.0,5.187272358693181,5.929860642623687,5.187272358693181,4.52256192270764,426.5115908916211,-1.0,-1,0.0
2024-04-02 00:00:00-04:00,436.9157006283774,438.25599984799044,434.88045276395883,437.93829345703125,44259700,0.0,0.0,0.0,5.126977672366262,1.0,5.185961604642595,5.938653290155861,5.185961604642595,4.52256192270764,426.5115908916211,-1.0,-1,0.0
2024-04-03 00:00:00-04:00,435.8037361040665,440.80750546034085,435.79382860983696,438.9211730957031,39949800,0.0,0.0,0.0,5.115647590180024,1.0,5.18446556178169,5.955075847989557,5.18446556178169,4.52256192270764,426.5115908916211,-1.0,-1,0.0
2024-04-04 00:00:00-04:00,443.1207156200182,443.7362830504974,431.9813901887199,432.2097473144531,57267700,0.0,0.0,0.0,5.77957211733977,0.0,5.946300661457068,5.946300661457068,5.180269656925866,4.52256192270764,426.5115908916211,-1.0,-1,0.0
2024-04-05 00:00:00-04:00,433.63944703148246,439.983515959583,432.8253357543412,437.30291748046875,54744600,0.0,0.0,0.0,5.978991770118778,0.0,5.947857380917149,5.947857380917149,5.17634285886147,4.52256192270764,426.5115908916211,-1.0,-1,0.0
2024-04-08 00:00:00-04:00,438.2361497817285,439.3183087596184,436.0420487457553,437.4319763183594,28144900,0.0,0.0,0.0,5.708718594493207,0.0,5.950226792612676,5.950226792612676,5.17634285886147,4.52256192270764,426.5115908916211,-1.0,-1,0.0
2024-04-09 00:00:00-04:00,439.7749636029729,440.05294909906627,434.29466512364047,439.05023193359375,39443600,0.0,0.0,0.0,5.713675132586466,0.0,5.905947087774781,5.905947087774781,5.153726967778649,4.52256192270764,426.5115908916211,-1.0,-1,0.0
2024-04-10 00:00:00-04:00,433.8578426076271,436.08172665922456,433.1430184055925,435.2179870605469,61502200,0.0,0.0,0.0,5.733028972127944,0.0,5.904856926292503,5.904856926292503,5.153726967778649,4.52256192270764,426.5115908916211,-1.0,-1,0.0
2024-04-11 00:00:00-04:00,437.0943902413944,443.1207218459624,434.8109098464166,442.1676330566406,45474600,0.0,0.0,0.0,5.990707274869728,0.0,5.924035803496366,5.924035803496366,5.153726967778649,4.52256192270764,426.5115908916211,-1.0,-1,0.0
2024-04-12 00:00:00-04:00,437.92838190707624,439.0601692544331,433.7387235968138,435.11871337890625,53665000,0.0,0.0,0.0,6.2345274933654355,0.0,5.952812861254716,5.952812861254716,5.161022140751523,4.52256192270764,426.5115908916211,-1.0,-1,0.0
2024-04-15 00:00:00-04:00,438.8814160198213,438.9707652494014,427.11661602145654,427.96051025390625,63453600,0.0,0.0,0.0,6.796489666823376,0.0,5.986559933477463,5.986559933477463,5.165225724808058,4.52256192270764,426.5115908916211,-1.0,-1,0.0
2024-04-16 00:00:00-04:00,427.8017005957295,430.641152138732,426.61034711533216,428.0002746582031,47619000,0.0,0.0,0.0,6.519921202481026,0.0,6.007073828439138,6.007073828439138,5.16883392866873,4.52256192270764,426.5115908916211,-1.0,-1,0.0
2024-04-17 00:00:00-04:00,429.9859152787206,430.00576056668666,421.8448630865064,422.7781066894531,56880500,0.0,0.0,0.0,6.684018830250951,0.0,6.048131938996634,6.048131938996634,5.186287637827623,4.52256192270764,444.0697076435864,1.0,1,2.0
2024-04-18 00:00:00-04:00,423.4234106957777,425.1608277177116,419.78972345984107,420.3655700683594,46549400,0.0,0.0,0.0,6.552727373012907,0.0,6.083090239330645,6.083090239330645,5.213960898683867,4.5324709208882,440.7245463067682,1.0,1,0.0
2024-04-19 00:00:00-04:00,419.1841255134495,419.7103134585502,410.09992254139206,411.6685485839844,75231000,0.0,0.0,0.0,6.924019388408348,0.0,6.225029154845332,6.225029154845332,5.337567661140669,4.590204446096271,433.5802054645071,1.0,1,0.0
2024-04-22 00:00:00-04:00,414.3094108993639,418.1515795666991,410.9636470789329,415.8085632324219,47807700,0.0,0.0,0.0,6.950410698344133,0.0,6.258001043186187,6.258001043186187,5.356848217943344,4.614056948418416,433.33161645237453,1.0,1,0.0
2024-04-23 00:00:00-04:00,417.74451110887355,423.21490204892547,415.8581788082804,422.01361083984375,44384700,0.0,0.0,0.0,6.9960035101600795,0.0,6.290088106967661,6.290088106967661,5.37683547695909,4.642053349953388,433.33161645237453,1.0,1,0.0
2024-04-24 00:00:00-04:00,425.1210879727999,426.64008546721675,421.1498495248453,423.4432373046875,48440300,0.0,0.0,0.0,6.845426753381216,0.0,6.313227217234893,6.313227217234893,5.37683547695909,4.651257868648853,433.33161645237453,1.0,1,0.0
2024-04-25 00:00:00-04:00,416.2255714442473,422.26187200373414,415.133504901226,421.39813232421875,57392200,0.0,0.0,0.0,6.991857318389245,0.0,6.340372421281066,6.340372421281066,5.37683547695909,4.659889382656741,433.33161645237453,1.0,1,0.0
2024-04-26 00:00:00-04:00,424.5452689055933,429.439813337896,423.8503203111141,427.9009704589844,41874900,0.0,0.0,0.0,7.096839687918045,0.0,6.3896184483427145,6.3896184483427145,5.390414741804027,4.668669069107428,433.33161645237453,1.0,1,0.0
2024-04-29 00:00:00-04:00,430.01563920572204,430.64111411933055,426.8882949358247,429.63836669921875,30022200,0.0,0.0,0.0,6.7624376374768245,0.0,6.403957647924797,6.403957647924797,5.390414741804027,4.670325398230827,433.33161645237453,1.0,1,0.0
2024-04-30 00:00:00-04:00,428.0498772614314,429.44974251261584,421.45763689852276,421.53704833984375,43665900,0.0,0.0,0.0,6.904266853798741,0.0,6.4224876185127195,6.4224876185127195,5.400402687624872,4.682730614308976,433.33161645237453,1.0,1,0.0
2024-05-01 00:00:00-04:00,420.1074204082597,427.04718084559914,417.6353339394107,418.4891357421875,52251700,0.0,0.0,0.0,7.1550248590377095,0.0,6.448649662817183,6.448649662817183,5.400402687624872,4.682986659285863,433.33161645237453,1.0,1,0.0
2024-05-02 00:00:00-04:00,422.2419427957907,424.7339047762594,417.60553857899254,423.8304443359375,36559000,0.0,0.0,0.0,7.152358992860626,0.0,6.472915501784199,6.472915501784199,5.390414741804027,4.668816384580957,433.33161645237453,1.0,1,0.0
2024-05-03 00:00:00-04:00,431.3162548137752,433.3415951149425,429.50933386173523,432.3487854003906,48515300,0.0,0.0,0.0,7.388238171475063,0.0,6.914669396254553,6.914669396254553,5.750701786576377,4.799386194819017,433.33161645237453,1.0,1,0.0
2024-05-06 00:00:00-04:00,434.1556719070399,437.17382189392845,433.38128154901267,437.08447265625,30227200,0.0,0.0,0.0,7.131918003681339,0.0,6.9282474342187275,6.9282474342187275,5.750701786576377,4.801657534390429,414.4928094188144,-1.0,-1,-2.0
2024-05-07 00:00:00-04:00,437.531264247873,438.7921217095055,436.41929188936354,437.15399169921875,30996100,0.0,0.0,0.0,6.656009185327404,0.0,6.912233419578062,6.912233419578062,5.750701786576377,4.804836647036398,416.86900654070035,-1.0,-1,0.0
2024-05-08 00:00:00-04:00,434.52304402712826,438.30564664120806,434.4038814101348,436.8958435058594,24896700,0.0,0.0,0.0,6.3805847899019925,0.0,6.852048339064689,6.852048339064689,5.735846010010872,4.805958376864847,416.86900654070035,-1.0,-1,0.0
2024-05-09 00:00:00-04:00,437.16389684795854,438.4247846009736,435.3073474930529,437.84893798828125,24580100,0.0,0.0,0.0,6.054270021703868,1.0,5.744225589265951,6.852048339064689,5.744225589265951,4.804483528442465,419.6333892792154,-1.0,-1,0.0
2024-05-10 00:00:00-04:00,439.3580293074521,441.1152916338566,437.3326889613572,438.8814697265625,27116600,0.0,0.0,0.0,5.827103286783424,1.0,5.746350658433066,6.852048339064689,5.746350658433066,4.807114794675202,421.98493832230764,-1.0,-1,0.0
2024-05-13 00:00:00-04:00,440.7975644573578,440.8968514859624,438.47439341911695,439.89410400390625,22994200,0.0,0.0,0.0,5.486638764789624,1.0,5.739857861091979,6.852048339064689,5.739857861091979,4.812964957474035,422.4660488692637,-1.0,-1,0.0
2024-05-14 00:00:00-04:00,439.46724842383907,443.2597891013069,439.2786121394835,442.7236633300781,34478300,0.0,0.0,0.0,5.3360925844930005,1.0,5.730009927516393,6.852048339064689,5.730009927516393,4.825075446930709,424.07917083784605,-1.0,-1,0.0
2024-05-15 00:00:00-04:00,445.205663430228,449.89172660436077,443.6866657433877,449.6435241699219,41464700,0.0,0.0,0.0,5.519289653471965,1.0,5.724992778134383,6.852048339064689,5.724992778134383,4.829670677938801,429.6142178394711,-1.0,-1,0.0
2024-05-16 00:00:00-04:00,449.45486473704415,451.42063882384446,448.5613420787339,448.7301330566406,34780400,0.0,0.0,0.0,5.253290362635824,2.0,4.844300828096703,6.852048339064689,5.724992778134383,4.844300828096703,435.4580879669991,-1.0,-1,0.0
2024-05-17 00:00:00-04:00,448.85917790569374,449.4648075763567,446.30768000907375,448.51171875,35803700,0.0,0.0,0.0,5.0436740831005356,2.0,4.856695209969711,6.852048339064689,5.724992778134383,4.856695209969711,435.4580879669991,-1.0,-1,0.0
2024-05-20 00:00:00-04:00,448.73014342611316,452.3042341419459,448.54150715744834,451.6390686035156,24474200,0.0,0.0,0.0,4.918558213985075,2.0,4.869494283199665,6.852048339064689,5.724992778134383,4.869494283199665,435.81438780009813,-1.0,-1,0.0
2024-05-21 00:00:00-04:00,449.78250990457735,452.7112803076955,449.58393584755527,452.52264404296875,23167700,0.0,0.0,0.0,4.739436838600592,2.0,4.884684885130482,6.852048339064689,5.724992778134383,4.884684885130482,436.4935534222339,-1.0,-1,0.0
2024-05-22 00:00:00-04:00,452.7808085611639,453.53535366057235,449.8222246223534,452.4333190917969,25120000,0.0,0.0,0.0,4.636806058562426,2.0,4.90284347996306,6.852048339064689,5.724992778134383,4.90284347996306,436.9702587015737,-1.0,-1,0.0
2024-05-23 00:00:00-04:00,457.23851465788687,457.2682977382274,448.60108807950513,450.3980712890625,40899200,0.0,0.0,0.0,5.039846418578408,2.0,5.060193418377003,6.912233419578062,5.937677052728948,5.060193418377003,437.75411265373526,-1.0,-1,0.0
2024-05-24 00:00:00-04:00,452.0163793934304,455.92805240390896,450.3087453365811,454.6572570800781,29669500,0.0,0.0,0.0,5.097792483453351,2.0,5.071919312661119,6.912233419578062,5.937677052728948,5.071919312661119,437.9026409322617,-1.0,-1,0.0
2024-05-28 00:00:00-04:00,455.8783814935032,456.43435253911514,453.4062948693305,456.3747863769531,26216800,0.0,0.0,0.0,4.890819002086479,2.0,5.079450583652511,6.912233419578062,5.937677052728948,5.079450583652511,439.6819719532653,-1.0,-1,0.0
2024-05-29 00:00:00-04:00,452.20499218586525,454.9451264709978,452.06598427887616,453.1580810546875,29739200,0.0,0.0,0.0,4.832617311685528,2.0,5.087726529731992,6.912233419578062,5.937677052728948,5.087726529731992,439.6819719532653,-1.0,-1,0.0
2024-05-30 00:00:00-04:00,452.2248024349183,452.363810331137,446.9728308232688,448.3031921386719,30536800,0.0,0.0,0.0,4.967880603658846,2.0,5.106524467143766,6.912233419578062,5.952619459845269,5.106524467143766,439.6819719532653,-1.0,-1,0.0
2024-05-31 00:00:00-04:00,448.5315519006525,449.22653078953095,439.8742503586065,447.46923828125,55941300,0.0,0.0,0.0,5.406320586385407,2.0,5.12568322578112,6.912233419578062,5.967758028463055,5.12568322578112,439.6819719532653,-1.0,-1,0.0
2024-06-03 00:00:00-04:00,451.3015050574095,452.3042222349095,444.67945113790694,449.8718566894531,32997500,0.0,0.0,0.0,5.628165637447123,1.0,5.941431397003954,6.912233419578062,5.941431397003954,5.12420203264698,439.6819719532653,-1.0,-1,0.0
2024-06-04 00:00:00-04:00,449.61378208375754,452.3042882349037,447.8863026779653,451.1029968261719,23767400,0.0,0.0,0.0,5.50714762939625,2.0,5.1457801912538725,6.912233419578062,5.955629728783914,5.1457801912538725,439.6819719532653,-1.0,-1,0.0
2024-06-05 00:00:00-04:00,454.6869706098162,460.2764634421044,451.1426329174178,460.1970520019531,33817400,0.0,0.0,0.0,5.873779528049877,1.0,5.952807308068948,6.912233419578062,5.952807308068948,5.149292643872619,439.6819719532653,-1.0,-1,0.0
2024-06-06 00:00:00-04:00,460.88216342684746,461.1998698322383,458.86676075850914,460.03826904296875,21966800,0.0,0.0,0.0,5.519712482617802,2.0,5.163215797520168,6.912233419578062,5.952807308068948,5.163215797520168,444.5436679028132,-1.0,-1,0.0
2024-06-07 00:00:00-04:00,459.67091594198735,462.39120497159263,458.5192529919703,459.6311950683594,25829700,0.0,0.0,0.0,5.354936432318255,2.0,5.175039995675223,6.912233419578062,5.952807308068948,5.175039995675223,444.9301089947558,-1.0,-1,0.0
2024-06-10 00:00:00-04:00,458.4993952589494,461.84515919024506,458.2114719547231,461.48773193359375,20660800,0.0,0.0,0.0,5.182811512638626,2.0,5.180292636315996,6.912233419578062,5.952807308068948,5.180292636315996,444.9301089947558,-1.0,-1,0.0
2024-06-11 00:00:00-04:00,460.20704731394176,464.77397829616757,458.7078948722035,464.6548156738281,22053300,0.0,0.0,0.0,5.271138703771171,2.0,5.1845574893844555,6.912233419578062,5.952807308068948,5.1845574893844555,446.18726411603217,-1.0,-1,0.0
2024-06-12 00:00:00-04:00,468.59621964681855,473.07380088893916,467.90127106679284,470.7406921386719,34532600,0.0,0.0,0.0,5.585923354905157,1.0,5.940577842963489,6.912233419578062,5.940577842963489,5.181159452395528,452.6658024489755,-1.0,-1,0.0
2024-06-13 00:00:00-04:00,474.2850765990883,474.950272465042,471.0088165321769,473.2922668457031,25859000,0.0,0.0,0.0,5.448289052051656,2.0,5.1861060246204245,6.912233419578062,5.940577842963489,5.1861060246204245,457.42122642474817,-1.0,-1,0.0
2024-06-14 00:00:00-04:00,473.0936611229906,475.81398026800196,472.6270393581934,475.7444763183594,23372600,0.0,0.0,0.0,5.222154237827349,2.0,5.190715571923669,6.912233419578062,5.940577842963489,5.190715571923669,458.6483630973267,-1.0,-1,0.0
2024-06-17 00:00:00-04:00,476.0125554687315,483.35934157788813,474.70206962197375,481.5722961425781,37054500,0.0,0.0,0.0,5.565666009636052,2.0,5.199281978320715,6.912233419578062,5.940577842963489,5.199281978320715,463.43285966496876,-1.0,-1,0.0
2024-06-18 00:00:00-04:00,481.5226171379323,482.40620196973754,479.95396092691533,481.7211608886719,24438600,0.0,0.0,0.0,5.2543235129546675,2.0,5.202152613053736,6.912233419578062,5.940577842963489,5.202152613053736,465.5736236091652,-1.0,-1,0.0
2024-06-20 00:00:00-04:00,482.9225381205776,483.33950125396245,476.1714135550922,478.00811767578125,33918700,0.0,0.0,0.0,5.4456999315462244,2.0,5.219194009349773,6.912233419578062,5.952807308068948,5.219194009349773,465.5736236091652,-1.0,-1,0.0
2024-06-21 00:00:00-04:00,477.7301340343257,479.07043327892234,475.22826432972164,476.7273864746094,37456800,0.0,0.0,0.0,5.285346833311672,2.0,5.226547021936318,6.912233419578062,5.952807308068948,5.226547021936318,465.5736236091652,-1.0,-1,0.0
2024-06-24 00:00:00-04:00,475.4963359079076,477.2365145029645,471.16081980302164,471.3000183105469,37751000,0.762,0.0,0.0,5.3643816199747905,2.0,5.2374938579006995,6.912233419578062,5.952807308068948,5.2374938579006995,465.5736236091652,-1.0,-1,0.0
2024-06-25 00:00:00-04:00,473.39818467937795,476.9879099001583,472.4535041758537,476.6896057128906,29014700,0.0,0.0,0.0,5.396732616938452,2.0,5.242254037749397,6.912233419578062,5.952807308068948,5.242254037749397,465.5736236091652,-1.0,-1,0.0
2024-06-26 00:00:00-04:00,475.8642487480521,478.22097322192104,475.44662288424166,477.6740417480469,22737100,0.0,0.0,0.0,5.134494389012546,2.0,5.241742599452068,6.912233419578062,5.952807308068948,5.241742599452068,465.5736236091652,-1.0,-1,0.0
2024-06-27 00:00:00-04:00,477.4254155015737,480.388701758793,476.61001030816175,478.90704345703125,26222100,0.0,0.0,0.0,4.998914095174416,2.0,5.232930084770453,6.912233419578062,5.952807308068948,5.232930084770453,465.5736236091652,-1.0,-1,0.0
2024-06-28 00:00:00-04:00,479.70257919630757,484.465704827883,475.7747356002262,476.42108154296875,34881600,0.0,0.0,0.0,5.36811960842265,2.0,5.232628775045321,6.912233419578062,5.952807308068948,5.232628775045321,465.5736236091652,-1.0,-1,0.0
2024-07-01 00:00:00-04:00,477.34590870501995,479.7821405087139,473.5871241868781,479.2153625488281,24898300,0.0,0.0,0.0,5.450809279763965,2.0,5.234649305882113,6.912233419578062,5.952807308068948,5.234649305882113,465.5736236091652,-1.0,-1,0.0
2024-07-02 00:00:00-04:00,477.71384367124597,484.3066395996903,477.58456840264006,484.2469787597656,26723600,0.0,0.0,0.0,5.577935471492593,2.0,5.239294831920318,6.912233419578062,5.952807308068948,5.239294831920318,465.5736236091652,-1.0,-1,0.0
2024-07-03 00:00:00-04:00,483.49119312898125,488.4134244275127,483.49119312898125,488.2841491699219,18064900,0.0,0.0,0.0,5.51236505419648,2.0,5.248661805410807,6.912233419578062,5.952807308068948,5.248661805410807,470.2063233620146,-1.0,-1,0.0
2024-07-05 00:00:00-04:00,489.12940249922366,493.8129602816384,488.8310679679128,493.37542724609375,28495900,0.0,0.0,0.0,5.514009659948488,2.0,5.258039875324195,6.912233419578062,5.952807308068948,5.258039875324195,475.54789449880303,-1.0,-1,0.0
2024-07-08 00:00:00-04:00,493.7433764293063,495.10568286902753,492.71915820229407,494.548828125,22109400,0.0,0.0,0.0,5.201261160626985,2.0,5.269089143932503,6.912233419578062,5.96481799922298,5.269089143932503,478.10515310386324,-1.0,-1,0.0
2024-07-09 00:00:00-04:00,496.0702119887962,497.193875001709,493.45496735087823,494.97637939453125,25614500,0.0,0.0,0.0,5.055025809647362,2.0,5.255353955711354,6.912233419578062,5.952807308068948,5.255353955711354,479.5583593091596,-1.0,-1,0.0
2024-07-10 00:00:00-04:00,496.90547746920186,500.69409224253627,495.5929087462069,500.1372375488281,28046900,0.0,0.0,0.0,5.121294513483129,2.0,5.2500067953975496,6.912233419578062,5.952807308068948,5.2500067953975496,482.3934801081789,-1.0,-1,0.0
2024-07-11 00:00:00-04:00,500.2466218362875,500.4554347539489,487.97588139931383,489.16912841796875,49966600,0.0,0.0,0.0,5.857120397598324,1.0,5.949617744386594,6.912233419578062,5.949617744386594,5.250366612439195,482.3934801081789,-1.0,-1,0.0
2024-07-12 00:00:00-04:00,489.7459354051236,496.81601795710003,489.2785719345124,492.04296875,37109400,0.0,0.0,0.0,6.03609731175162,1.0,5.952407407849982,6.912233419578062,5.952407407849982,5.25099920940562,482.3934801081789,-1.0,-1,0.0
2024-07-15 00:00:00-04:00,493.8228578400336,498.19818796792066,491.3170117774016,493.3654479980469,31151400,0.0,0.0,0.0,6.120605199628364,1.0,5.9576635888430545,6.912233419578062,5.9576635888430545,5.248142021963858,482.3934801081789,-1.0,-1,0.0
2024-07-16 00:00:00-04:00,494.8272279496167,495.64263318880126,490.38231348742545,493.5544128417969,25950600,0.0,0.0,0.0,6.034576649803109,1.0,5.959994287660026,6.912233419578062,5.959994287660026,5.2446807577912296,482.3934801081789,-1.0,-1,0.0
2024-07-17 00:00:00-04:00,485.5396358931976,486.0567065841903,478.9965780319969,479.066162109375,56268800,0.0,0.0,0.0,6.886902465802798,0.0,6.9108261443683245,6.9108261443683245,5.951912942170541,5.2446807577912296,503.25912074119856,1.0,1,2.0
2024-07-18 00:00:00-04:00,482.8050913228498,482.9840738378056,473.5970508891313,476.7989807128906,49347400,0.0,0.0,0.0,7.13691451408995,0.0,6.92272553224841,6.92272553224841,5.948018012019053,5.2446807577912296,499.05873896021365,1.0,1,0.0
2024-07-19 00:00:00-04:00,476.46087460600427,478.98662793635214,471.2801230313468,472.57281494140625,42042900,0.0,0.0,0.0,7.193873553181487,0.0,6.936282933295063,6.936282933295063,5.956702347428402,5.2446807577912296,495.9422242837347,1.0,1,0.0
2024-07-22 00:00:00-04:00,478.4596047339432,480.63731629456043,475.02895492028443,479.61309814453125,40300000,0.0,0.0,0.0,7.280936333178757,0.0,6.95269499995619,6.95269499995619,5.956702347428402,5.241261550555869,495.9422242837347,1.0,1,0.0
2024-07-23 00:00:00-04:00,478.70821276284704,481.7112528581937,477.4453512387022,477.9226379394531,23282500,0.0,0.0,0.0,6.979432861810031,0.0,6.953910357313183,6.953910357313183,5.956702347428402,5.242158742645522,495.9422242837347,1.0,1,0.0
2024-07-24 00:00:00-04:00,471.1608298997092,471.5287485265679,459.9143064234973,460.7794189453125,58818600,0.0,0.0,0.0,8.08232272722461,0.0,7.002971764700637,7.002971764700637,5.956702347428402,5.243458561713664,486.73044276913447,1.0,1,0.0
2024-07-25 00:00:00-04:00,461.1174535277628,465.3137707270473,453.07286088445005,455.6980285644531,59256800,0.0,0.0,0.0,8.498181438761875,0.0,7.113358338699209,7.113358338699209,6.030525304855663,5.2636025377914555,480.5333908218463,1.0,1,0.0
2024-07-26 00:00:00-04:00,460.05346223763087,463.31505267199356,457.1896208130579,460.3716735839844,39992100,0.0,0.0,0.0,8.410065705639731,0.0,7.1697369198705365,7.1697369198705365,6.030525304855663,5.267049798459129,480.5333908218463,1.0,1,0.0
2024-07-29 00:00:00-04:00,463.09628706239494,465.28395213993576,459.029245012775,461.29644775390625,28218500,0.0,0.0,0.0,8.194529847791834,0.0,7.212436625200591,7.212436625200591,6.030525304855663,5.259614518516642,480.5333908218463,1.0,1,0.0
2024-07-30 00:00:00-04:00,463.2355014051131,463.94150815273,451.6011535460176,454.9621887207031,41317200,0.0,0.0,0.0,8.609112323683894,0.0,8.358842408620388,8.358842408620388,6.7523262683648495,5.442875321249514,480.5333908218463,1.0,1,0.0
2024-07-31 00:00:00-04:00,465.24418611361153,470.1365871368509,463.7923885131253,468.4262390136719,44552100,0.0,0.0,0.0,9.265640932930282,0.0,8.50997549600537,8.50997549600537,6.8760602265463024,5.486804192132313,480.5333908218463,1.0,1,0.0
2024-08-01 00:00:00-04:00,469.1123273437905,472.8810346868999,453.4208914450254,457.0802307128906,56653900,0.0,0.0,0.0,10.285091163824704,0.0,8.76356344855099,8.76356344855099,6.900047506006562,5.486804192132313,480.5333908218463,1.0,1,0.0
2024-08-02 00:00:00-04:00,448.35951071574164,451.02446262374065,441.9755279577916,446.23150634765625,66323200,0.0,0.0,0.0,10.767052322952138,0.0,9.013999557851132,9.013999557851132,6.900047506006562,5.4788854109714835,473.54199396431954,1.0,1,0.0
2024-08-05 00:00:00-04:00,422.3263980215451,439.80775104852285,421.0734901358925,432.92657470703125,87483500,0.0,0.0,0.0,12.2061487118333,0.0,10.630983282885106,10.630983282885106,7.184315167639071,5.47980013899158,462.333570440863,1.0,1,0.0
2024-08-06 00:00:00-04:00,434.77618316717894,444.560955352684,432.12115442270476,437.0632629394531,63164400,0.0,0.0,0.0,12.229513933647896,0.0,11.37195153306451,11.37195153306451,7.287352887032938,5.4853199524875995,462.333570440863,1.0,1,0.0
2024-08-07 00:00:00-04:00,443.98418183094765,446.4801048226226,431.9322070194297,432.3299560546875,54929200,0.0,0.0,0.0,12.461352320602394,0.0,11.589831690572087,11.589831690572087,7.287352887032938,5.47817670643818,462.333570440863,1.0,1,0.0
2024-08-08 00:00:00-04:00,438.5846605004165,446.4701481091998,434.6966007393999,445.5553283691406,47890100,0.0,0.0,0.0,12.629236293993385,0.0,11.763065791142303,11.763065791142303,7.25608502161463,5.456233289055072,462.333570440863,1.0,1,0.0
2024-08-09 00:00:00-04:00,444.2327553866296,449.5229052813701,443.1090924201045,447.8821716308594,33574000,0.0,0.0,0.0,12.007693950720602,0.0,11.798012671082061,11.798012671082061,7.25608502161463,5.445148623269902,462.333570440863,1.0,1,0.0
2024-08-12 00:00:00-04:00,448.85669431082493,451.819950339773,446.032606438406,448.84674072265625,27795000,0.0,0.0,0.0,11.385658945785245,0.0,11.746468455419958,11.746468455419958,7.25608502161463,5.434595004219552,462.333570440863,1.0,1,0.0
2024-08-13 00:00:00-04:00,453.2618459497663,460.25239084145255,453.12261709409734,459.98388671875,40084500,0.0,0.0,0.0,11.38765806308635,0.0,11.706600634049558,11.706600634049558,7.25608502161463,5.423867944982564,462.333570440863,1.0,1,0.0
2024-08-14 00:00:00-04:00,460.9086473063912,462.4996433312895,455.8273104369874,460.1330261230469,34733700,0.0,0.0,0.0,10.91612554620793,0.0,11.627553125265393,11.627553125265393,7.25608502161463,5.413723199166241,462.333570440863,1.0,1,0.0
2024-08-15 00:00:00-04:00,466.1291778697952,472.1551647736111,465.7513056965685,471.7574157714844,38280600,0.0,0.0,0.0,11.026726856643558,0.0,11.57293255539068,11.57293255539068,7.25608502161463,5.408347409269558,434.2344375689177,-1.0,-1,-2.0
2024-08-16 00:00:00-04:00,469.9675355426552,473.7362736281035,469.0029782072124,472.364013671875,38383600,0.0,0.0,0.0,10.397383713068315,0.0,11.474970151863817,11.474970151863817,7.25608502161463,5.406050278796753,436.9447154620665,-1.0,-1,0.0
2024-08-19 00:00:00-04:00,472.5032288780585,478.60875373254794,470.71331276437604,478.5689697265625,23737700,0.0,0.0,0.0,10.147189438578675,0.0,11.372833173918805,11.372833173918805,7.25608502161463,5.406145715016656,440.5425337267056,-1.0,-1,0.0
2024-08-20 00:00:00-04:00,477.6541274799854,480.22958792597717,475.86421145074115,477.56463623046875,29209300,0.0,0.0,0.0,9.56900814224441,0.0,11.11209868907461,11.11209868907461,7.184315167639071,5.407689493650733,444.71060362113536,-1.0,-1,0.0
2024-08-21 00:00:00-04:00,478.3501789552792,481.65155331963393,476.6299076990374,479.79205322265625,25658800,0.0,0.0,0.0,9.114271890079623,1.0,7.350350094034548,11.243988528799205,7.350350094034548,5.432192621722223,457.089680227232,-1.0,-1,0.0
2024-08-22 00:00:00-04:00,482.11895196512035,482.8150355270497,471.1508563215729,472.1850280761719,37739600,0.0,0.0,0.0,9.369262621619338,0.0,11.003171434858658,11.003171434858658,7.250865399447367,5.424020374315584,457.089680227232,-1.0,-1,0.0
2024-08-23 00:00:00-04:00,476.5503469532045,480.03070386899634,472.61258019687375,477.30609130859375,36061500,0.0,0.0,0.0,9.216903938739852,1.0,8.583206172780773,11.372833173918805,8.583206172780773,5.838554414148388,457.089680227232,-1.0,-1,0.0
2024-08-26 00:00:00-04:00,476.7592211808525,477.68399450970975,470.58405137415923,472.6722717285156,27452600,0.0,0.0,0.0,9.005207858420919,1.0,8.726895466550953,11.372833173918805,8.726895466550953,5.867424930721705,457.089680227232,-1.0,-1,0.0
2024-08-27 00:00:00-04:00,471.03154234981156,475.1582455010885,469.0626436524508,474.0843200683594,27510000,0.0,0.0,0.0,8.714247257442599,1.0,8.725922527388771,11.372833173918805,8.725922527388771,5.868612130902542,457.089680227232,-1.0,-1,0.0
2024-08-28 00:00:00-04:00,473.61689773249856,474.34278128834075,465.2640476225857,468.7046203613281,37372400,0.0,0.0,0.0,8.750695898273847,1.0,8.727692053880563,11.372833173918805,8.727692053880563,5.867100081050264,457.089680227232,-1.0,-1,0.0
2024-08-29 00:00:00-04:00,470.623845807403,475.2477429004321,466.73578595841485,468.0185546875,41081500,0.0,0.0,0.0,8.72682200264819,1.0,8.72763405046507,11.372833173918805,8.72763405046507,5.869299823919111,457.089680227232,-1.0,-1,0.0
2024-08-30 00:00:00-04:00,472.3739379407227,474.2234844825411,467.86936290756364,473.5970153808594,33466500,0.0,0.0,0.0,8.489551959881116,1.0,8.712753919803575,11.372833173918805,8.712753919803575,5.871491720980135,457.089680227232,-1.0,-1,0.0
2024-09-03 00:00:00-04:00,470.5442916306647,470.6735365462219,456.83167617216776,459.21820068359375,44985200,0.0,0.0,0.0,9.317130684762166,1.0,8.748305494212904,11.372833173918805,8.748305494212904,5.873469760249453,457.089680227232,-1.0,-1,0.0
2024-09-04 00:00:00-04:00,456.0958181310341,461.84337780326706,455.1610912685685,458.02490234375,32505100,0.0,0.0,0.0,9.053646269755806,1.0,8.765268870631953,11.372833173918805,8.765268870631953,5.871770665834666,457.089680227232,-1.0,-1,0.0
2024-09-05 00:00:00-04:00,456.3941248220884,462.7482464580866,455.3699067028328,458.4525146484375,34452400,0.0,0.0,0.0,8.886115618305608,1.0,8.771629225772672,11.372833173918805,8.771629225772672,5.866436006606272,457.089680227232,-1.0,-1,0.0
2024-09-06 00:00:00-04:00,457.7464708681157,458.63149047628156,445.6746201210572,446.17181396484375,50624400,0.0,0.0,0.0,9.293191091997482,1.0,8.797707319083912,11.372833173918805,8.797707319083912,5.852554608692584,478.5461772559212,1.0,1,2.0
2024-09-09 00:00:00-04:00,450.51728712298296,452.90381152412704,447.2954806987537,451.909423828125,32981200,0.0,0.0,0.0,9.037071738726063,1.0,8.809105624781157,11.372833173918805,8.809105624781157,5.842442993635183,476.5269629857839,1.0,1,0.0
2024-09-10 00:00:00-04:00,453.67944482390646,456.5930239141602,449.69197069198145,456.08587646484375,29680300,0.0,0.0,0.0,8.823469887071331,1.0,8.809758545794347,11.372833173918805,8.809758545794347,5.829495673071864,476.5269629857839,1.0,1,0.0
2024-09-11 00:00:00-04:00,457.32888128600763,466.7357810591741,448.7473100065774,465.989990234375,57843000,0.0,0.0,0.0,9.739970003623869,1.0,8.850202522221718,11.372833173918805,8.850202522221718,5.818195177760285,476.5269629857839,1.0,1,0.0
2024-09-12 00:00:00-04:00,466.0198493291904,471.37961428611,464.2299633780578,470.564208984375,40067800,0.0,0.0,0.0,9.480938094066701,1.0,8.876483171048593,11.372833173918805,8.876483171048593,5.800642412511903,476.5269629857839,1.0,1,0.0
2024-09-13 00:00:00-04:00,469.8283373159938,473.8555955844407,469.599617207718,472.6722717285156,29111800,0.0,0.0,0.0,8.958442122332306,1.0,8.879761529099941,11.372833173918805,8.879761529099941,5.782097762740416,476.5269629857839,1.0,1,0.0
2024-09-16 00:00:00-04:00,470.5343686759228,471.2005915124737,467.25290105236485,470.5840759277344,22585600,0.0,0.0,0.0,8.604534977714152,1.0,8.86917589250818,11.372833173918805,8.86917589250818,5.762197668520421,476.5269629857839,1.0,1,0.0
2024-09-17 00:00:00-04:00,473.6169454831186,474.91959099564355,468.326795419837,470.8326416015625,30084400,0.0,0.0,0.0,8.40336103752339,1.0,8.851923490471707,11.372833173918805,8.851923490471707,5.744143850439408,476.5269629857839,1.0,1,0.0
2024-09-18 00:00:00-04:00,472.0358419526622,476.1426375637946,468.18753615550906,468.79412841796875,39909200,0.0,0.0,0.0,8.358535074599605,1.0,8.780738125879807,11.372833173918805,8.780738125879807,5.6961351271516625,476.5269629857839,1.0,1,0.0
2024-09-19 00:00:00-04:00,479.90145650344164,483.5011656421539,477.7933593330581,480.6472473144531,52782500,0.0,0.0,0.0,8.993385289558162,1.0,8.787826364669085,11.372833173918805,8.787826364669085,5.671561362927692,454.28378339359875,-1.0,-1,-2.0
2024-09-20 00:00:00-04:00,479.7821596440275,480.975437141886,475.6156723366429,479.7324523925781,34577700,0.0,0.0,0.0,8.630023241126658,1.0,8.782735941329006,11.372833173918805,8.782735941329006,5.6520814294536,454.28378339359875,-1.0,-1,0.0
2024-09-23 00:00:00-04:00,480.9144113107611,482.0993979741882,479.57009538959323,481.0040283203125,24843000,0.677,0.0,0.0,8.019951175473489,1.0,8.758898917396023,11.372833173918805,8.758898917396023,5.6293144217382345,454.55804992970263,-1.0,-1,0.0
2024-09-24 00:00:00-04:00,482.41805064428,484.2801639561314,478.1461543602504,483.32421875,25952600,0.0,0.0,0.0,7.831357017514238,1.0,8.560302363189198,11.372833173918805,8.560302363189198,5.476844065455035,455.53225206862334,-1.0,-1,0.0
2024-09-25 00:00:00-04:00,482.6968434598687,485.73400614637194,482.51760944122816,483.7723083496094,26549900,0.0,0.0,0.0,7.3698609862771916,1.0,8.566180795443701,11.372833173918805,8.566180795443701,5.476844065455035,458.42726540746895,-1.0,-1,0.0
2024-09-26 00:00:00-04:00,491.2905078582678,491.6191339710753,483.75240708275777,487.4069519042969,32020200,0.0,0.0,0.0,7.419547576481227,1.0,8.567026995579003,11.372833173918805,8.567026995579003,5.476844065455035,461.98468954017955,-1.0,-1,0.0
2024-09-27 00:00:00-04:00,488.43258887997763,488.57201337991125,483.5134080817524,484.6983947753906,22851100,0.0,0.0,0.0,7.18345334864899,1.0,8.568419842740292,11.372833173918805,8.568419842740292,5.476844065455035,461.98468954017955,-1.0,-1,0.0
2024-09-30 00:00:00-04:00,483.73249148034455,486.3514111924885,480.8845606409006,486.0128479003906,30281100,0.0,0.0,0.0,7.011793068942883,2.0,5.483959743127344,11.372833173918805,8.568419842740292,5.483959743127344,467.16610668731255,-1.0,-1,0.0
2024-10-01 00:00:00-04:00,485.64443782910337,485.94316122345515,475.3878323813849,479.24151611328125,42735400,0.0,0.0,0.0,7.373115313949167,1.0,8.45989688565232,11.372833173918805,8.45989688565232,5.400556945440687,467.16610668731255,-1.0,-1,0.0
2024-10-02 00:00:00-04:00,478.335315088623,481.840498082511,475.70645823215654,479.91864013671875,23744000,0.0,0.0,0.0,7.249207767589695,1.0,8.430367882772742,11.372833173918805,8.430367882772742,5.386345791608879,467.16610668731255,-1.0,-1,0.0
2024-10-03 00:00:00-04:00,477.7179416049444,482.50766557957826,476.971102768289,479.5601501464844,25337200,0.0,0.0,0.0,7.077943271959654,1.0,8.398167296801002,11.372833173918805,8.398167296801002,5.376551180605,467.16610668731255,-1.0,-1,0.0
2024-10-04 00:00:00-04:00,485.39544813323107,485.82362842316445,480.3567780727131,485.2659912109375,30686600,0.0,0.0,0.0,6.996496772431697,1.0,8.33196422054265,11.372833173918805,8.33196422054265,5.338866555735642,467.16610668731255,-1.0,-1,0.0
2024-10-07 00:00:00-04:00,483.3441345862929,484.5191536873899,478.84316657559424,480.0679931640625,24975100,0.0,0.0,0.0,6.939129558722853,1.0,8.301012339168876,11.372833173918805,8.301012339168876,5.33893260266999,467.16610668731255,-1.0,-1,0.0
2024-10-08 00:00:00-04:00,482.6171830614722,487.9247039747425,481.8105996069651,487.23760986328125,28272000,0.0,0.0,0.0,7.030887683918568,1.0,8.273400933619957,11.372833173918805,8.273400933619957,5.334533650211406,467.16610668731255,-1.0,-1,0.0
2024-10-09 00:00:00-04:00,486.9389090864535,491.64898350291475,485.89334689736904,491.0714111328125,24995000,0.0,0.0,0.0,6.903362576081281,1.0,8.2442511813319,11.372833173918805,8.2442511813319,5.336564732400795,467.16610668731255,-1.0,-1,0.0
2024-10-10 00:00:00-04:00,488.7811375421451,492.3858748534914,487.46669387611087,490.5137939453125,25750400,0.0,0.0,0.0,6.7049444162112035,2.0,5.6142949918479275,11.372833173918805,8.46829501337223,5.6142949918479275,473.08339938925735,-1.0,-1,0.0
2024-10-11 00:00:00-04:00,488.67156550369435,492.3062053945554,488.10399109780815,491.280517578125,20644500,0.0,0.0,0.0,6.454671404264807,2.0,5.676790022481082,11.372833173918805,8.503945058023836,5.676790022481082,473.1747281787385,-1.0,-1,0.0
2024-10-14 00:00:00-04:00,493.68035704737633,496.7274569541216,493.17252732221806,495.403076171875,26060100,0.0,0.0,0.0,6.353898201437985,2.0,5.796365173683328,11.372833173918805,8.614989329083588,5.796365173683328,477.56089661711985,-1.0,-1,0.0
2024-10-15 00:00:00-04:00,495.7316576056672,496.3988469596789,486.6202304844978,488.7810974121094,34784500,0.0,0.0,0.0,6.696370028812295,2.0,5.890647772242795,11.372833173918805,8.694396227830609,5.890647772242795,477.56089661711985,-1.0,-1,0.0
2024-10-16 00:00:00-04:00,489.109701858115,489.6175619666887,485.5149323533636,488.8408508300781,22996800,0.0,0.0,0.0,6.436995987263577,2.0,5.969899232686903,11.372833173918805,8.777077982687949,5.969899232686903,477.56089661711985,-1.0,-1,0.0
2024-10-17 00:00:00-04:00,494.34757059666947,494.39734769741085,489.11969868290515,489.179443359375,27210700,0.0,0.0,0.0,6.348946075270493,2.0,5.9926474798108496,11.372833173918805,8.777077982687949,5.9926474798108496,477.56089661711985,-1.0,-1,0.0
2024-10-18 00:00:00-04:00,491.9775582240132,493.48120337046834,491.22075186331557,492.3858337402344,25335000,0.0,0.0,0.0,6.144227468852777,2.0,6.015436724661146,11.372833173918805,8.777077982687949,6.015436724661146,477.56089661711985,-1.0,-1,0.0
2024-10-21 00:00:00-04:00,491.17098119166883,494.13843161258467,489.2391557427895,493.33184814453125,30336500,0.0,0.0,0.0,6.0197323089470185,2.0,6.061708614823318,11.372833173918805,8.820869286113972,6.061708614823318,477.56089661711985,-1.0,-1,0.0
2024-10-22 00:00:00-04:00,490.65323177767823,495.35333893838623,489.896425333232,493.8695983886719,26685800,0.0,0.0,0.0,5.963450438567739,2.0,6.079486647589548,11.372833173918805,8.820869286113972,6.079486647589548,477.56089661711985,-1.0,-1,0.0
2024-10-23 00:00:00-04:00,491.5095723273252,492.16679415131813,483.0055589179594,486.3016052246094,39346600,0.0,0.0,0.0,6.453509341782215,2.0,6.098186446793063,11.372833173918805,8.820869286113972,6.098186446793063,477.56089661711985,-1.0,-1,0.0
2024-10-24 00:00:00-04:00,490.03576682371636,490.92203010573417,487.3770377555591,490.2449035644531,22024900,0.0,0.0,0.0,6.2702008957164725,2.0,6.1096513621193,11.372833173918805,8.820869286113972,6.1096513621193,477.56089661711985,-1.0,-1,0.0
2024-10-25 00:00:00-04:00,493.05303526744956,498.17135473663274,492.3460059860991,493.2322692871094,38762100,0.0,0.0,0.0,6.435825923362787,2.0,6.126234903082988,11.372833173918805,8.820869286113972,6.126234903082988,477.56089661711985,-1.0,-1,0.0
2024-10-28 00:00:00-04:00,496.35902006494825,496.4187647383431,493.0131967990414,493.3119201660156,20477800,0.0,0.0,0.0,6.132800124956679,2.0,6.130860270884896,11.372833173918805,8.820869286113972,6.130860270884896,477.56089661711985,-1.0,-1,0.0
2024-10-29 00:00:00-04:00,493.6305613555229,499.2368359942171,491.7684481925352,498.0518493652344,28014100,0.0,0.0,0.0,6.266358892629201,2.0,6.144193242492243,11.372833173918805,8.820869286113972,6.144193242492243,477.56089661711985,-1.0,-1,0.0
2024-10-30 00:00:00-04:00,497.28510344290356,498.2410485680357,493.7998558188087,494.28778076171875,29756000,0.0,0.0,0.0,6.083842278288983,2.0,6.1572094183131485,11.372833173918805,8.820869286113972,6.1572094183131485,477.56089661711985,-1.0,-1,0.0
2024-10-31 00:00:00-04:00,490.30468432170414,490.3544614223346,481.71105383752314,481.8106384277344,41245200,0.0,0.0,0.0,6.733130742879646,2.0,6.184893690281738,11.372833173918805,8.820869286113972,6.184893690281738,477.56089661711985,-1.0,-1,0.0
2024-11-01 00:00:00-04:00,483.45366086976884,488.6815325887519,483.1549374985495,485.3755187988281,33655800,0.0,0.0,0.0,6.746907084693435,2.0,6.211246697083921,11.372833173918805,8.820869286113972,6.211246697083921,477.56089661711985,-1.0,-1,0.0
2024-11-04 00:00:00-05:00,484.76810081913294,487.3173081974456,482.20892586553856,483.9615173339844,23291600,0.0,0.0,0.0,6.583054609414793,2.0,6.229052612343023,11.372833173918805,8.820869286113972,6.229052612343023,477.56089661711985,-1.0,-1,0.0
2024-11-05 00:00:00-05:00,485.55472820252663,490.8025348061448,485.46511119570465,490.1353454589844,24353600,0.0,0.0,0.0,6.608850895689359,2.0,6.24977693097941,11.372833173918805,8.820869286113972,6.24977693097941,477.56089661711985,-1.0,-1,0.0
2024-11-06 00:00:00-05:00,498.4502052022625,504.27555432515265,497.49425998069074,503.44903564453125,43082200,0.0,0.0,0.0,7.361986692737251,2.0,6.287988224817086,11.372833173918805,8.820869286113972,6.287988224817086,482.02094247847043,-1.0,-1,0.0
2024-11-07 00:00:00-05:00,506.2571381580339,512.1621668895884,506.1973934832212,511.3754577636719,32853100,0.0,0.0,0.0,7.497101147969244,2.0,6.322478138001608,11.372833173918805,8.820869286113972,6.322478138001608,490.21234577240006,-1.0,-1,0.0
2024-11-08 00:00:00-05:00,510.8775613586161,512.7496421924851,510.2502118888675,511.97296142578125,22924500,0.0,0.0,0.0,6.99733406353408,2.0,6.353603326404813,11.372833173918805,8.820869286113972,6.353603326404813,492.43911706146184,-1.0,-1,0.0
2024-11-11 00:00:00-05:00,513.1978056162766,513.4069423850439,508.7665797791173,511.6742858886719,24167500,0.0,0.0,0.0,6.761636917773327,2.0,6.377102201158868,11.372833173918805,8.820869286113972,6.377102201158868,492.43911706146184,-1.0,-1,0.0
2024-11-12 00:00:00-05:00,511.604529285702,512.4907318317834,507.6811031792303,510.74810791015625,25835300,0.0,0.0,0.0,6.566436091251299,2.0,6.3999787950506475,11.372833173918805,8.820869286113972,6.3999787950506475,492.43911706146184,-1.0,-1,0.0
2024-11-13 00:00:00-05:00,510.24030393975113,512.80938570941,507.80061831600193,510.0909118652344,24567400,0.0,0.0,0.0,6.410669221466975,2.0,6.41866250222015,11.372833173918805,8.820869286113972,6.41866250222015,492.43911706146184,-1.0,-1,0.0
2024-11-14 00:00:00-05:00,509.7523582179874,510.62862358619793,505.6297932846969,506.5459289550781,28679500,0.0,0.0,0.0,6.269485329470379,2.0,6.434247372086792,11.372833173918805,8.820869286113972,6.434247372086792,492.43911706146184,-1.0,-1,0.0
2024-11-15 00:00:00-05:00,500.82013565459727,501.20847602198114,492.40573982355295,494.47698974609375,51461100,0.0,0.0,0.0,7.056555709675859,2.0,6.468569895670065,11.372833173918805,8.820869286113972,6.468569895670065,492.43911706146184,-1.0,-1,0.0
2024-11-18 00:00:00-05:00,496.03042706825323,500.0235349659772,494.6363340331841,497.9124450683594,27080800,0.0,0.0,0.0,6.905554660696619,2.0,6.502617048625818,11.372833173918805,8.820869286113972,6.502617048625818,492.43911706146184,-1.0,-1,0.0
2024-11-19 00:00:00-05:00,495.32343161150396,501.8259070175326,494.98483793946764,501.33795166015625,24523000,0.0,0.0,0.0,6.899106102433452,2.0,6.529956093161725,11.372833173918805,8.820869286113972,6.529956093161725,492.43911706146184,-1.0,-1,0.0
2024-11-20 00:00:00-05:00,501.0392572775999,501.35791581739437,494.46706924185577,501.0492248535156,29565500,0.0,0.0,0.0,6.898280149743967,2.0,6.55580378726851,11.372833173918805,8.820869286113972,6.55580378726851,492.43911706146184,-1.0,-1,0.0
2024-11-21 00:00:00-05:00,504.1062310409595,504.8231975167717,495.462823807909,502.8515625,34526700,0.0,0.0,0.0,7.144489505655842,2.0,6.583777966449998,11.372833173918805,8.820869286113972,6.583777966449998,492.43911706146184,-1.0,-1,0.0
2024-11-22 00:00:00-05:00,502.2939213979802,504.39501332160677,500.66081928667427,503.65814208984375,23826600,0.0,0.0,0.0,6.803459958583507,2.0,6.606833232599766,11.372833173918805,8.820869286113972,6.606833232599766,492.43911706146184,-1.0,-1,0.0
2024-11-25 00:00:00-05:00,507.7507885003357,509.29427355385764,502.13457664732164,504.4547424316406,26375200,0.0,0.0,0.0,6.839083653378756,2.0,6.630495268196735,11.372833173918805,8.820869286113972,6.630495268196735,492.43911706146184,-1.0,-1,0.0
2024-11-26 00:00:00-05:00,505.93847296512917,507.98981819947926,505.09207995345383,507.1632995605469,26557100,0.0,0.0,0.0,6.508682864824745,2.0,6.653842084343124,11.372833173918805,8.820869286113972,6.653842084343124,492.43911706146184,-1.0,-1,0.0
2024-11-27 00:00:00-05:00,506.0280945927098,506.09777644955767,499.814375310002,503.170166015625,24957400,0.0,0.0,0.0,6.592707003396759,2.0,6.6813006770886485,11.372833173918805,8.820869286113972,6.6813006770886485,492.43911706146184,-1.0,-1,0.0
2024-11-29 00:00:00-05:00,503.7975225758509,508.18893828886416,503.1801407076675,507.5914611816406,15334000,0.0,0.0,0.0,6.435313530381,2.0,6.704765302390396,11.474970151863817,8.862316790878495,6.704765302390396,492.43911706146184,-1.0,-1,0.0
2024-12-02 00:00:00-05:00,508.85611370348073,514.0839850678177,508.4677429582925,513.1180419921875,25147200,0.0,0.0,0.0,6.441034565960609,2.0,6.71519234111115,11.474970151863817,8.862316790878495,6.71519234111115,492.43911706146184,-1.0,-1,0.0
2024-12-03 00:00:00-05:00,511.783791655552,514.9703163014524,511.2062192488689,514.6914672851562,18597900,0.0,0.0,0.0,6.173340814622899,2.0,6.717643117948138,11.474970151863817,8.862316790878495,6.717643117948138,492.9353384213162,-1.0,-1,0.0
2024-12-04 00:00:00-05:00,518.1268938635606,521.313418236669,517.4098970101101,521.0545043945312,26086200,0.0,0.0,0.0,6.218201828311885,2.0,6.719385914888916,11.474970151863817,8.862316790878495,6.719385914888916,499.20349987872277,-1.0,-1,0.0
2024-12-05 00:00:00-05:00,521.1042732815565,521.8311769207997,519.2222249460377,519.610595703125,18169600,0.0,0.0,0.0,5.8572768429568995,2.0,6.716219846909518,11.474970151863817,8.862316790878495,6.716219846909518,500.3780413926902,-1.0,-1,0.0
2024-12-06 00:00:00-05:00,520.2777848527477,524.4999039949181,520.1483279262085,524.2609252929688,23762600,0.0,0.0,0.0,5.76047998784052,2.0,6.696105159803049,11.474970151863817,8.862316790878495,6.696105159803049,502.2358004811541,-1.0,-1,0.0
2024-12-09 00:00:00-05:00,523.3349057943256,524.1315218080144,519.0231388103372,520.1782836914062,20674400,0.0,0.0,0.0,5.708210637319626,2.0,6.670592590575008,11.474970151863817,8.862316790878495,6.670592590575008,502.2358004811541,-1.0,-1,0.0
2024-12-10 00:00:00-05:00,521.4129911457451,523.1655826527499,516.9717677031261,518.4057006835938,24350000,0.0,0.0,0.0,5.756771068550037,2.0,6.644930046206589,11.474970151863817,8.862316790878495,6.644930046206589,502.2358004811541,-1.0,-1,0.0
2024-12-11 00:00:00-05:00,522.7871558954639,528.3734954889088,522.3789107636106,527.6864013671875,32168600,0.0,0.0,0.0,6.17787344222654,2.0,6.625232494582442,11.474970151863817,8.862316790878495,6.625232494582442,505.5005056425124,-1.0,-1,0.0
2024-12-12 00:00:00-05:00,525.4558418059521,526.7304758285823,523.8028653843677,524.2808227539062,23577500,0.0,0.0,0.0,5.948439696285867,2.0,6.60682190234094,11.474970151863817,8.862316790878495,6.60682190234094,505.5005056425124,-1.0,-1,0.0
2024-12-13 00:00:00-05:00,528.2241720288431,530.9227106804801,525.0774571606031,528.2938842773438,28780400,0.0,0.0,0.0,6.0177845193146675,2.0,6.59648791316504,11.474970151863817,8.887477889706037,6.59648791316504,508.21062018104647,-1.0,-1,0.0
2024-12-16 00:00:00-05:00,530.8330995728606,536.8775219842188,530.7534197528358,535.901611328125,31979900,0.0,0.0,0.0,6.2743698380707045,2.0,6.590934153249621,11.474970151863817,8.900454438070843,6.590934153249621,514.0426684087785,-1.0,-1,0.0
2024-12-17 00:00:00-05:00,534.0992631821655,535.2145375933716,531.8786819348726,533.5416259765625,28579100,0.0,0.0,0.0,6.049225793588875,2.0,6.581752655628252,11.474970151863817,8.917364394361572,6.581752655628252,514.0426684087785,-1.0,-1,0.0
2024-12-18 00:00:00-05:00,532.894346346637,534.6170348807474,512.8392226395198,514.2930297851562,54703200,0.0,0.0,0.0,7.622084438352747,2.0,6.599091518673661,11.474970151863817,8.94317991388192,6.599091518673661,514.0426684087785,-1.0,-1,0.0
2024-12-19 00:00:00-05:00,518.9932384649477,519.5608432650384,511.6642747189644,512.0028076171875,46441800,0.0,0.0,0.0,7.649532849124876,2.0,6.616311868353189,11.474970151863817,8.955552787592959,6.616311868353189,535.4614945970609,1.0,1,2.0
2024-12-20 00:00:00-05:00,508.2885525454113,522.607947249042,507.1434057499322,516.473876953125,60530000,0.0,0.0,0.0,8.431033714123371,1.0,8.924641409118628,11.474970151863817,8.924641409118628,6.616311868353189,535.4614945970609,1.0,1,0.0
2024-12-23 00:00:00-05:00,518.19439245101,521.8847506893551,514.7833328649064,521.5057373046875,29672800,0.835,0.0,0.0,8.298072125155908,1.0,8.902263934691389,11.583140968958283,8.902263934691389,6.616311868353189,535.4614945970609,1.0,1,0.0
2024-12-24 00:00:00-05:00,523.4605901936307,528.6669405472223,522.8222455206995,528.5772094726562,17558200,0.0,0.0,0.0,8.184385236893801,1.0,8.877509496836298,11.664749833558897,8.877509496836298,6.616311868353189,535.4614945970609,1.0,1,0.0
2024-12-26 00:00:00-05:00,526.9415110888042,529.8538751592547,524.9367458546311,528.2181396484375,19090500,0.0,0.0,0.0,7.857659643666779,1.0,8.843514501730649,11.604594402639517,8.843514501730649,6.616311868353189,535.4614945970609,1.0,1,0.0
2024-12-27 00:00:00-05:00,524.637543632959,525.0763980193133,516.5087842752282,521.196533203125,33839600,0.0,0.0,0.0,8.24282921662103,1.0,8.824137557049694,11.526479461263472,8.824137557049694,6.616311868353189,535.4614945970609,1.0,1,0.0
2024-12-30 00:00:00-05:00,514.1649337092846,518.0048638841146,510.4945124848306,514.2646484375,34584000,0.0,0.0,0.0,8.48874836678837,1.0,8.770639457959684,11.237209101010507,8.770639457959684,6.616311868353189,535.4614945970609,1.0,1,0.0
2024-12-31 00:00:00-05:00,515.5513374872826,516.3093033721924,508.92864785437416,509.8961181640625,29117000,0.0,0.0,0.0,8.377939081891357,1.0,8.758367571207549,11.038348073441526,8.758367571207549,6.616311868353189,535.4614945970609,1.0,1,0.0
